"Date","Price","Open","High","Low","Vol.","Change %"
"12/24/2015","53.96","53.94","53.97","53.94","3.08M","0.06%"
"12/23/2015","53.93","53.93","53.95","53.93","9.88M","0.00%"
"12/22/2015","53.93","53.92","53.94","53.91","6.66M","0.02%"
"12/21/2015","53.92","53.89","53.93","53.89","14.03M","2.02%"
"12/18/2015","52.85","53.01","53.07","52.81","4.35M","-0.26%"
"12/17/2015","52.99","53.10","53.14","52.99","2.74M","-0.02%"
"12/16/2015","53.00","53.02","53.11","52.94","2.76M","-0.02%"
"12/15/2015","53.01","53.08","53.18","52.96","2.03M","0.04%"
"12/14/2015","52.99","53.04","53.12","52.93","2.60M","0.00%"
"12/11/2015","52.99","53.07","53.20","52.90","2.99M","-0.23%"
"12/10/2015","53.11","53.11","53.17","53.09","1.92M","0.04%"
"12/09/2015","53.09","53.20","53.25","53.05","2.73M","-0.17%"
"12/08/2015","53.18","53.19","53.27","53.12","1.93M","0.00%"
"12/07/2015","53.18","53.25","53.29","53.13","1.09M","-0.04%"
"12/04/2015","53.20","52.90","53.33","52.87","1.92M","0.62%"
"12/03/2015","52.87","52.86","52.97","52.80","2.43M","0.04%"
"12/02/2015","52.85","52.86","52.93","52.78","1.71M","0.00%"
"12/01/2015","52.85","52.82","52.99","52.80","3.89M","0.09%"
"11/30/2015","52.80","52.81","52.90","52.70","3.32M","-0.04%"
"11/27/2015","52.82","52.81","52.85","52.78","746.86K","0.02%"
"11/25/2015","52.81","52.82","52.87","52.75","1.42M","-0.02%"
"11/24/2015","52.82","52.75","52.86","52.70","2.23M","0.09%"
"11/23/2015","52.77","52.73","52.80","52.65","1.30M","0.09%"
"11/20/2015","52.72","52.70","52.77","52.69","2.12M","0.06%"
"11/19/2015","52.69","52.72","52.77","52.64","2.93M","-0.08%"
"11/18/2015","52.73","52.70","52.83","52.64","3.61M","0.08%"
"11/17/2015","52.69","52.73","52.74","52.61","1.37M","-0.06%"
"11/16/2015","52.72","52.57","52.72","52.55","1.41M","0.25%"
"11/13/2015","52.59","52.61","52.69","52.51","1.25M","0.00%"
"11/12/2015","52.59","52.58","52.67","52.51","1.14M","-0.02%"
"11/11/2015","52.60","52.60","52.68","52.56","891.79K","-0.11%"
"11/10/2015","52.66","52.55","52.67","52.50","1.09M","0.11%"
"11/09/2015","52.60","52.56","52.65","52.46","1.34M","0.06%"
"11/06/2015","52.57","52.58","52.64","52.52","2.27M","-0.30%"
"11/05/2015","52.73","52.71","52.76","52.65","1.52M","0.04%"
"11/04/2015","52.71","52.70","52.73","52.65","1.62M","0.00%"
"11/03/2015","52.71","52.67","52.73","52.64","1.41M","0.02%"
"11/02/2015","52.70","52.68","52.71","52.52","1.17M","0.29%"
"10/30/2015","52.55","52.65","52.78","52.55","2.52M","-0.21%"
"10/29/2015","52.66","52.69","52.72","52.59","1.74M","-0.25%"
"10/28/2015","52.79","52.66","52.80","52.60","2.11M","0.30%"
"10/27/2015","52.63","52.60","52.75","52.56","2.06M","-0.11%"
"10/26/2015","52.69","52.50","52.77","52.50","1.42M","0.23%"
"10/23/2015","52.57","52.60","52.69","52.51","2.64M","-0.44%"
"10/22/2015","52.80","52.63","52.87","52.63","3.13M","0.53%"
"10/21/2015","52.52","52.69","52.80","52.50","1.97M","-0.32%"
"10/20/2015","52.69","52.68","52.73","52.53","2.46M","0.00%"
"10/19/2015","52.69","52.72","52.79","52.64","1.65M","-0.08%"
"10/16/2015","52.73","52.84","52.84","52.66","1.63M","-0.08%"
"10/15/2015","52.77","52.76","52.84","52.69","2.41M","0.09%"
"10/14/2015","52.72","52.30","52.89","52.29","5.07M","0.82%"
"10/13/2015","52.29","52.50","52.53","52.26","2.55M","-0.38%"
"10/12/2015","52.49","52.49","52.60","52.45","2.12M","0.00%"
"10/09/2015","52.49","51.62","52.54","51.58","7.01M","1.49%"
"10/08/2015","51.72","51.15","51.76","51.15","6.11M","2.07%"
"10/07/2015","50.67","50.12","50.83","50.02","5.60M","1.50%"
"10/06/2015","49.92","50.28","50.38","49.90","10.51M","-1.03%"
"10/05/2015","50.44","50.15","50.50","50.03","2.62M","0.58%"
"10/02/2015","50.15","49.83","50.19","49.61","3.14M","0.32%"
"10/01/2015","49.99","50.15","50.25","49.79","3.11M","-0.18%"
"09/30/2015","50.08","49.87","50.21","49.71","3.59M","0.87%"
"09/29/2015","49.65","50.27","50.27","49.61","3.27M","-0.92%"
"09/28/2015","50.11","50.21","50.42","50.11","2.86M","-0.32%"
"09/25/2015","50.27","50.42","50.50","50.08","1.98M","-0.08%"
"09/24/2015","50.31","50.39","50.52","50.23","2.66M","-0.20%"
"09/23/2015","50.41","50.36","50.52","50.32","1.57M","0.20%"
"09/22/2015","50.31","50.25","50.41","50.17","3.94M","-0.26%"
"09/21/2015","50.44","50.40","50.62","50.30","2.03M","0.26%"
"09/18/2015","50.31","50.33","50.51","50.27","5.57M","-0.28%"
"09/17/2015","50.45","50.52","50.67","50.38","3.04M","-0.28%"
"09/16/2015","50.59","50.51","50.62","50.42","2.34M","0.02%"
"09/15/2015","50.58","50.54","50.64","50.45","2.38M","0.28%"
"09/14/2015","50.44","50.58","50.69","50.34","2.84M","-0.22%"
"09/11/2015","50.55","50.47","50.63","50.31","1.86M","0.12%"
"09/10/2015","50.49","50.19","50.55","50.19","3.00M","0.58%"
"09/09/2015","50.20","50.46","50.49","49.99","3.19M","0.00%"
"09/08/2015","50.20","50.55","50.60","50.09","6.25M","2.22%"
"09/04/2015","49.11","48.35","49.40","48.26","2.74M","0.33%"
"09/03/2015","48.95","49.20","49.24","48.76","2.29M","-0.22%"
"09/02/2015","49.06","48.59","49.07","48.31","2.31M","1.74%"
"09/01/2015","48.22","48.17","48.60","47.84","3.74M","-0.68%"
"08/31/2015","48.55","48.41","48.81","48.20","1.77M","-0.12%"
"08/28/2015","48.61","48.27","48.68","48.22","1.64M","-0.02%"
"08/27/2015","48.62","48.15","48.96","47.95","3.57M","1.48%"
"08/26/2015","47.91","47.42","48.17","46.33","4.39M","2.94%"
"08/25/2015","46.54","47.53","48.00","46.54","5.41M","-0.41%"
"08/24/2015","46.73","46.66","47.75","43.89","6.07M","-2.99%"
"08/21/2015","48.17","48.40","49.06","47.94","4.74M","-0.99%"
"08/20/2015","48.65","48.91","49.36","48.65","2.53M","-1.26%"
"08/19/2015","49.27","48.98","49.42","48.58","2.30M","0.65%"
"08/18/2015","48.95","49.42","49.44","48.82","2.36M","-0.85%"
"08/17/2015","49.37","49.08","49.39","48.91","1.08M","0.69%"
"08/14/2015","49.03","49.37","49.42","48.94","2.07M","-0.59%"
"08/13/2015","49.32","49.39","49.73","49.21","1.40M","-0.14%"
"08/12/2015","49.39","49.37","49.57","49.21","1.56M","-0.28%"
"08/11/2015","49.53","49.72","49.83","49.34","1.64M","-0.62%"
"08/10/2015","49.84","49.83","50.00","49.74","1.63M","0.20%"
"08/07/2015","49.74","49.73","49.82","49.52","1.37M","0.20%"
"08/06/2015","49.64","50.02","50.09","49.38","2.18M","-1.15%"
"08/05/2015","50.22","50.10","50.28","50.03","1.81M","0.34%"
"08/04/2015","50.05","49.75","50.10","49.70","1.46M","0.42%"
"08/03/2015","49.84","49.63","50.00","49.46","1.65M","0.36%"
"07/31/2015","49.66","49.92","49.94","49.50","1.70M","-0.36%"
"07/30/2015","49.84","49.46","50.00","49.40","1.46M","0.34%"
"07/29/2015","49.67","49.40","49.76","49.25","2.00M","0.38%"
"07/28/2015","49.48","49.03","49.48","48.70","2.71M","1.14%"
"07/27/2015","48.92","49.06","49.38","48.91","2.00M","-0.39%"
"07/24/2015","49.11","49.51","49.62","48.93","2.85M","-0.65%"
"07/23/2015","49.43","49.49","49.87","49.35","1.52M","0.02%"
"07/22/2015","49.42","49.91","50.04","49.39","3.78M","-0.96%"
"07/21/2015","49.90","49.80","50.17","49.69","2.20M","0.10%"
"07/20/2015","49.85","50.35","50.35","49.79","3.90M","-0.97%"
"07/17/2015","50.34","50.45","50.47","50.25","2.74M","-0.44%"
"07/16/2015","50.56","50.41","50.57","50.25","2.74M","0.44%"
"07/15/2015","50.34","50.15","50.42","50.11","2.14M","0.16%"
"07/14/2015","50.26","50.33","50.39","50.21","2.02M","0.02%"
"07/13/2015","50.25","50.00","50.25","49.71","2.27M","1.01%"
"07/10/2015","49.75","49.69","49.98","49.43","5.53M","0.59%"
"07/09/2015","49.46","51.34","51.36","49.20","20.77M","-3.40%"
"07/08/2015","51.20","51.37","51.39","51.10","4.29M","-0.56%"
"07/07/2015","51.49","51.45","51.49","51.26","4.89M","0.18%"
"07/06/2015","51.40","51.24","51.48","51.23","2.12M","0.12%"
"07/02/2015","51.34","51.37","51.44","51.26","2.91M","0.14%"
"07/01/2015","51.27","51.35","51.40","51.27","3.91M","0.14%"
"06/30/2015","51.20","51.18","51.35","51.17","4.11M","0.18%"
"06/29/2015","51.11","51.15","51.34","51.10","3.72M","-0.37%"
"06/26/2015","51.30","51.30","51.40","51.16","6.67M","0.04%"
"06/25/2015","51.28","51.24","51.42","51.17","5.28M","0.12%"
"06/24/2015","51.22","51.33","51.39","51.20","4.90M","-0.23%"
"06/23/2015","51.34","51.48","51.52","51.32","4.40M","-0.14%"
"06/22/2015","51.41","51.51","51.51","51.40","2.73M","0.18%"
"06/19/2015","51.32","51.52","51.54","51.22","6.39M","-0.27%"
"06/18/2015","51.46","51.54","51.59","51.44","4.44M","-0.08%"
"06/17/2015","51.50","51.65","51.67","51.49","4.54M","-0.29%"
"06/16/2015","51.65","51.55","51.73","51.53","4.26M","0.19%"
"06/15/2015","51.55","51.55","51.65","51.53","5.38M","-0.08%"
"06/12/2015","51.59","51.54","51.63","51.47","5.16M","0.00%"
"06/11/2015","51.59","51.58","51.60","51.51","5.59M","0.08%"
"06/10/2015","51.55","51.50","51.63","51.50","3.74M","0.10%"
"06/09/2015","51.50","51.44","51.59","51.43","5.86M","0.18%"
"06/08/2015","51.41","51.56","51.62","51.41","5.09M","-0.10%"
"06/05/2015","51.46","51.45","51.66","51.41","7.23M","0.04%"
"06/04/2015","51.44","51.68","51.73","51.37","14.61M","-0.56%"
"06/03/2015","51.73","51.73","51.76","51.66","14.26M","0.06%"
"06/02/2015","51.70","51.64","51.79","51.54","19.88M","0.04%"
"06/01/2015","51.68","51.89","51.91","51.56","74.33M","5.79%"
"05/29/2015","48.85","49.77","50.10","48.44","21.36M","4.00%"
"05/28/2015","46.97","47.57","47.57","46.58","5.21M","-1.86%"
"05/27/2015","47.86","46.92","49.52","46.69","6.48M","2.40%"
"05/26/2015","46.74","47.15","47.24","46.57","2.77M","-1.33%"
"05/22/2015","47.37","47.01","47.69","46.90","2.45M","0.70%"
"05/21/2015","47.04","46.57","47.36","46.40","2.76M","0.79%"
"05/20/2015","46.67","46.87","47.28","46.65","4.36M","-0.38%"
"05/19/2015","46.85","47.02","47.38","46.60","5.67M","-0.17%"
"05/18/2015","46.93","46.95","47.90","46.50","8.75M","5.65%"
"05/15/2015","44.42","44.15","44.79","43.84","3.99M","0.25%"
"05/14/2015","44.31","44.21","44.40","43.53","3.54M","1.10%"
"05/13/2015","43.83","43.94","44.45","43.47","3.20M","-0.41%"
"05/12/2015","44.01","44.07","44.88","43.40","4.89M","-0.61%"
"05/11/2015","44.28","44.39","44.71","43.94","2.35M","-0.40%"
"05/08/2015","44.46","44.32","45.00","44.27","3.63M","-0.31%"
"05/07/2015","44.60","44.13","45.17","44.04","4.50M","0.95%"
"05/06/2015","44.18","44.64","45.14","43.75","3.83M","-0.96%"
"05/05/2015","44.61","44.71","45.04","44.33","4.08M","-0.91%"
"05/04/2015","45.02","44.67","45.23","44.21","5.47M","-1.62%"
"05/01/2015","45.76","44.07","46.50","44.04","16.28M","9.79%"
"04/30/2015","41.68","40.49","42.06","40.47","7.00M","2.36%"
"04/29/2015","40.72","39.96","40.84","39.42","5.63M","1.42%"
"04/28/2015","40.15","40.09","40.55","39.81","4.81M","-0.27%"
"04/27/2015","40.26","40.65","42.00","39.73","8.91M","-1.54%"
"04/24/2015","40.89","42.30","42.30","40.49","15.01M","-2.85%"
"04/23/2015","42.09","42.38","42.69","41.73","9.20M","-1.59%"
"04/22/2015","42.77","42.87","43.17","42.40","4.69M","-1.09%"
"04/21/2015","43.24","43.37","43.85","42.95","4.17M","0.19%"
"04/20/2015","43.16","44.08","44.14","42.78","6.43M","-1.95%"
"04/17/2015","44.02","42.95","44.20","42.81","6.82M","1.55%"
"04/16/2015","43.35","43.40","43.99","43.08","5.10M","-0.16%"
"04/15/2015","43.42","42.74","43.83","42.30","6.57M","2.04%"
"04/14/2015","42.55","44.43","44.51","42.40","10.24M","-2.99%"
"04/13/2015","43.86","44.12","45.36","43.30","8.83M","-1.48%"
"04/10/2015","44.52","43.21","45.38","42.85","16.55M","2.75%"
"04/09/2015","43.33","38.94","44.18","38.67","37.43M","3.17%"
"04/08/2015","42.00","41.35","42.06","41.07","4.40M","1.55%"
"04/07/2015","41.36","41.15","42.16","40.45","7.68M","0.36%"
"04/06/2015","41.21","42.61","42.61","40.70","9.11M","-4.39%"
"04/02/2015","43.10","42.51","43.47","42.45","7.02M","1.63%"
"04/01/2015","42.41","42.49","42.75","42.20","6.93M","-1.17%"
"03/31/2015","42.91","42.58","43.18","42.40","9.00M","0.21%"
"03/30/2015","42.82","43.82","44.00","40.75","35.50M","-3.54%"
"03/27/2015","44.39","34.73","45.00","34.48","14.19M","28.37%"
"03/26/2015","34.58","34.27","34.75","33.95","2.92M","-0.43%"
"03/25/2015","34.73","35.78","35.84","34.69","2.98M","-2.91%"
"03/24/2015","35.77","36.42","36.46","35.73","2.07M","-1.68%"
"03/23/2015","36.38","36.86","36.90","36.37","2.91M","-1.54%"
"03/20/2015","36.95","36.90","37.00","36.56","3.85M","0.96%"
"03/19/2015","36.60","36.06","36.69","36.00","3.13M","1.13%"
"03/18/2015","36.19","35.43","36.26","35.28","2.47M","1.89%"
"03/17/2015","35.52","35.55","35.60","35.22","1.11M","-0.56%"
"03/16/2015","35.72","35.33","35.74","35.21","1.16M","1.88%"
"03/13/2015","35.06","34.86","35.12","34.74","1.45M","0.34%"
"03/12/2015","34.94","34.86","35.08","34.64","2.48M","-0.20%"
"03/11/2015","35.01","35.19","35.42","34.99","1.17M","-0.28%"
"03/10/2015","35.11","35.48","35.61","35.11","1.87M","-2.06%"
"03/09/2015","35.85","35.78","35.98","35.67","1.23M","0.20%"
"03/06/2015","35.78","35.94","36.11","35.39","2.73M","-0.67%"
"03/05/2015","36.02","36.32","36.54","35.85","2.66M","-0.80%"
"03/04/2015","36.31","36.46","36.80","36.04","1.69M","-0.66%"
"03/03/2015","36.55","37.35","37.45","36.50","2.08M","-2.64%"
"03/02/2015","37.54","36.80","37.60","36.46","3.14M","1.43%"
"02/27/2015","37.01","36.72","37.14","36.72","2.35M","1.06%"
"02/26/2015","36.62","36.83","36.83","36.36","1.50M","-0.27%"
"02/25/2015","36.72","36.81","36.81","36.45","1.34M","-0.22%"
"02/24/2015","36.80","35.92","36.82","35.71","2.72M","2.48%"
"02/23/2015","35.91","36.08","36.15","35.69","1.04M","-0.64%"
"02/20/2015","36.14","35.76","36.16","35.57","1.98M","0.98%"
"02/19/2015","35.79","35.76","35.87","35.32","1.97M","-0.03%"
"02/18/2015","35.80","36.04","36.09","35.72","3.48M","-1.21%"
"02/17/2015","36.24","35.67","36.25","35.42","2.72M","1.63%"
"02/13/2015","35.66","35.30","35.73","35.19","2.69M","1.31%"
"02/12/2015","35.20","34.45","35.21","34.31","2.97M","2.62%"
"02/11/2015","34.30","34.37","34.44","34.13","1.65M","-0.12%"
"02/10/2015","34.34","33.98","34.37","33.77","2.00M","1.72%"
"02/09/2015","33.76","34.05","34.10","33.65","1.95M","-1.06%"
"02/06/2015","34.12","33.60","34.38","33.57","5.34M","0.71%"
"02/05/2015","33.88","33.83","33.97","33.57","1.73M","0.18%"
"02/04/2015","33.82","33.88","34.11","33.63","1.59M","-0.70%"
"02/03/2015","34.06","33.55","34.19","33.47","2.01M","1.79%"
"02/02/2015","33.46","33.00","33.61","32.67","3.37M","1.64%"
"01/30/2015","32.92","33.15","33.53","32.88","3.66M","-1.73%"
"01/29/2015","33.50","33.21","33.78","32.92","2.83M","0.93%"
"01/28/2015","33.19","33.97","34.18","33.18","4.87M","-1.22%"
"01/27/2015","33.60","33.70","34.22","33.58","6.37M","-1.18%"
"01/26/2015","34.00","34.26","34.30","33.91","6.09M","-0.76%"
"01/23/2015","34.26","34.15","34.78","33.90","8.92M","-2.64%"
"01/22/2015","35.19","33.78","35.37","33.78","7.65M","1.32%"
"01/21/2015","34.73","33.36","34.95","33.26","3.40M","-0.71%"
"01/20/2015","34.98","34.95","35.18","34.72","1.94M","0.40%"
"01/16/2015","34.84","33.90","34.92","33.86","4.03M","2.53%"
"01/15/2015","33.98","34.17","34.55","33.97","3.92M","-0.59%"
"01/14/2015","34.18","35.34","35.54","34.00","10.30M","-3.77%"
"01/13/2015","35.52","36.35","36.65","35.19","3.67M","-1.69%"
"01/12/2015","36.13","37.05","37.46","35.97","3.12M","-2.25%"
"01/09/2015","36.96","37.04","37.49","36.84","2.23M","-0.19%"
"01/08/2015","37.03","36.30","37.14","36.30","2.62M","2.38%"
"01/07/2015","36.17","36.26","36.57","35.98","3.17M","0.03%"
"01/06/2015","36.16","36.81","36.91","36.13","2.61M","-1.55%"
"01/05/2015","36.73","37.01","37.12","36.70","2.29M","-1.00%"
"01/02/2015","37.10","37.12","37.49","36.77","1.94M","0.43%"
"12/31/2014","36.94","37.57","37.72","36.94","1.59M","-1.15%"
"12/30/2014","37.37","37.53","37.70","37.32","1.28M","-0.88%"
"12/29/2014","37.70","38.08","38.17","37.68","1.63M","-1.49%"
"12/26/2014","38.27","38.18","38.37","37.98","1.19M","0.79%"
"12/24/2014","37.97","37.89","38.13","37.70","933.37K","0.61%"
"12/23/2014","37.74","38.48","38.65","37.67","2.75M","-0.71%"
"12/22/2014","38.01","37.31","38.01","37.30","2.33M","2.12%"
"12/19/2014","37.22","37.30","37.63","36.67","4.45M","-0.72%"
"12/18/2014","37.49","38.00","38.00","37.30","4.77M","0.21%"
"12/17/2014","37.41","37.04","37.47","36.75","3.22M","1.00%"
"12/16/2014","37.04","37.41","37.71","37.03","3.33M","-0.46%"
"12/15/2014","37.21","37.32","37.72","36.82","3.40M","0.49%"
"12/12/2014","37.03","37.32","37.69","37.03","3.59M","-1.73%"
"12/11/2014","37.68","37.52","38.34","37.39","5.23M","1.45%"
"12/10/2014","37.14","37.41","37.91","37.11","2.81M","-1.22%"
"12/09/2014","37.60","37.49","37.79","37.34","2.08M","-0.63%"
"12/08/2014","37.84","37.86","38.25","37.50","2.39M","-0.24%"
"12/05/2014","37.93","37.50","37.93","37.38","1.77M","1.15%"
"12/04/2014","37.50","37.55","37.82","37.36","2.51M","-0.35%"
"12/03/2014","37.63","37.42","37.69","37.05","3.57M","0.83%"
"12/02/2014","37.32","37.05","37.34","36.82","2.13M","0.73%"
"12/01/2014","37.05","37.47","37.61","36.94","2.49M","-1.52%"
"11/28/2014","37.62","37.31","37.67","37.10","1.55M","1.02%"
"11/26/2014","37.24","36.43","37.25","36.43","2.53M","2.34%"
"11/25/2014","36.39","36.58","36.68","36.32","1.58M","-0.38%"
"11/24/2014","36.53","36.30","36.62","36.13","1.60M","0.58%"
"11/21/2014","36.32","36.05","36.36","35.72","2.28M","1.34%"
"11/20/2014","35.84","35.49","35.99","35.49","2.10M","0.31%"
"11/19/2014","35.73","36.33","36.33","35.62","1.51M","-1.27%"
"11/18/2014","36.19","35.24","36.32","35.23","2.88M","2.67%"
"11/17/2014","35.25","35.16","35.29","34.93","1.21M","0.00%"
"11/14/2014","35.25","35.00","35.26","34.68","2.21M","1.12%"
"11/13/2014","34.86","35.06","35.18","34.71","1.39M","-0.23%"
"11/12/2014","34.94","34.95","35.09","34.76","1.39M","-0.23%"
"11/11/2014","35.02","35.24","35.36","34.95","1.49M","-0.48%"
"11/10/2014","35.19","35.07","35.46","35.07","2.01M","-0.11%"
"11/07/2014","35.23","35.22","35.26","34.81","2.63M","0.23%"
"11/06/2014","35.15","35.17","35.53","34.95","1.89M","-0.57%"
"11/05/2014","35.35","35.00","35.41","34.74","1.80M","1.55%"
"11/04/2014","34.81","34.70","34.89","34.38","2.13M","0.17%"
"11/03/2014","34.75","34.32","34.82","34.28","2.12M","1.11%"
"10/31/2014","34.37","34.16","34.83","34.03","3.34M","2.60%"
"10/30/2014","33.50","33.54","33.61","32.69","3.83M","-0.65%"
"10/29/2014","33.72","33.55","33.82","33.27","2.15M","0.21%"
"10/28/2014","33.65","33.46","33.68","33.30","1.87M","0.96%"
"10/27/2014","33.33","33.16","33.42","32.71","3.45M","0.51%"
"10/24/2014","33.16","33.40","33.58","32.11","6.90M","-1.72%"
"10/23/2014","33.74","33.28","33.77","33.04","3.73M","2.15%"
"10/22/2014","33.03","33.68","33.82","32.94","3.07M","-2.02%"
"10/21/2014","33.71","33.18","33.73","33.00","2.74M","2.09%"
"10/20/2014","33.02","32.32","33.27","32.24","4.51M","1.54%"
"10/17/2014","32.52","32.00","33.09","32.00","6.73M","2.65%"
"10/16/2014","31.68","30.94","32.27","30.80","3.88M","0.51%"
"10/15/2014","31.52","30.58","31.80","30.51","4.54M","2.14%"
"10/14/2014","30.86","31.30","31.73","30.76","4.91M","0.10%"
"10/13/2014","30.83","31.13","31.76","30.59","4.63M","-1.22%"
"10/10/2014","31.21","31.98","32.00","30.47","9.93M","-4.38%"
"10/09/2014","32.64","33.51","33.52","32.59","3.88M","-3.12%"
"10/08/2014","33.69","33.07","33.82","32.56","4.13M","1.60%"
"10/07/2014","33.16","33.47","33.68","33.04","3.48M","-1.46%"
"10/06/2014","33.65","34.43","34.53","33.23","6.89M","-1.92%"
"10/03/2014","34.31","34.99","35.02","34.30","2.86M","-1.52%"
"10/02/2014","34.84","35.01","35.01","34.13","4.43M","-0.68%"
"10/01/2014","35.08","35.61","35.90","34.97","3.59M","-1.96%"
"09/30/2014","35.78","35.97","36.01","35.56","1.98M","-0.42%"
"09/29/2014","35.93","35.74","36.06","35.50","1.12M","-0.25%"
"09/26/2014","36.02","35.66","36.10","35.66","2.14M","1.07%"
"09/25/2014","35.64","36.23","36.27","35.63","3.84M","-1.71%"
"09/24/2014","36.26","36.12","36.38","36.03","1.95M","0.67%"
"09/23/2014","36.02","36.00","36.28","35.94","2.52M","-0.17%"
"09/22/2014","36.08","36.39","36.58","35.94","3.30M","-1.10%"
"09/19/2014","36.48","37.33","37.63","36.48","9.21M","-1.57%"
"09/18/2014","37.06","36.73","37.13","36.70","3.52M","1.06%"
"09/17/2014","36.67","36.28","36.90","36.21","3.28M","1.16%"
"09/16/2014","36.25","35.10","36.30","35.10","4.32M","3.36%"
"09/15/2014","35.07","35.70","35.70","34.99","3.03M","-1.18%"
"09/12/2014","35.49","35.85","35.85","35.38","2.02M","-1.14%"
"09/11/2014","35.90","35.73","35.96","35.48","2.34M","0.06%"
"09/10/2014","35.88","36.23","36.29","35.76","4.07M","-0.88%"
"09/09/2014","36.20","36.09","36.54","36.09","4.03M","-0.22%"
"09/08/2014","36.28","35.82","36.38","35.82","4.60M","1.00%"
"09/05/2014","35.92","35.68","35.93","35.39","3.34M","1.01%"
"09/04/2014","35.56","35.34","35.62","35.30","2.30M","0.45%"
"09/03/2014","35.40","35.47","35.50","35.23","2.33M","0.06%"
"09/02/2014","35.38","35.46","35.48","35.19","2.22M","0.11%"
"08/29/2014","35.34","35.25","35.34","35.08","2.42M","0.57%"
"08/28/2014","35.14","34.57","35.15","34.57","2.18M","0.80%"
"08/27/2014","34.86","34.64","34.86","34.58","1.89M","0.64%"
"08/26/2014","34.64","34.70","34.86","34.58","1.44M","0.12%"
"08/25/2014","34.60","35.04","35.04","34.48","1.82M","-0.83%"
"08/22/2014","34.89","34.93","35.00","34.77","1.61M","0.06%"
"08/21/2014","34.87","34.64","34.93","34.56","1.16M","0.63%"
"08/20/2014","34.65","34.40","34.73","34.33","1.36M","0.46%"
"08/19/2014","34.49","34.12","34.53","34.08","1.83M","1.00%"
"08/18/2014","34.15","34.19","34.19","33.93","2.01M","0.35%"
"08/15/2014","34.03","33.86","34.17","33.74","2.57M","1.13%"
"08/14/2014","33.65","33.50","33.69","33.45","1.19M","0.30%"
"08/13/2014","33.55","33.03","33.58","32.90","1.52M","1.12%"
"08/12/2014","33.18","32.92","33.26","32.92","1.38M","0.06%"
"08/11/2014","33.16","33.13","33.55","33.08","2.22M","0.18%"
"08/08/2014","33.10","32.82","33.14","32.74","1.80M","1.32%"
"08/07/2014","32.67","33.13","33.25","32.58","1.97M","-0.49%"
"08/06/2014","32.83","32.78","33.08","32.50","2.79M","-0.21%"
"08/05/2014","32.90","32.72","32.95","32.51","2.48M","0.34%"
"08/04/2014","32.79","32.76","32.89","32.51","1.71M","0.03%"
"08/01/2014","32.78","32.50","32.85","32.42","2.56M","0.18%"
"07/31/2014","32.72","33.03","33.18","32.66","2.70M","-1.89%"
"07/30/2014","33.35","33.22","33.43","33.01","1.92M","0.91%"
"07/29/2014","33.05","33.11","33.46","33.04","2.24M","0.09%"
"07/28/2014","33.02","33.49","33.51","32.91","4.03M","-1.37%"
"07/25/2014","33.48","34.08","34.32","33.32","6.52M","-1.65%"
"07/24/2014","34.04","33.75","34.24","33.54","4.27M","1.34%"
"07/23/2014","33.59","33.62","34.32","33.24","8.83M","-4.08%"
"07/22/2014","35.02","35.20","35.44","35.01","1.52M","-0.48%"
"07/21/2014","35.19","34.92","35.37","34.92","1.80M","0.63%"
"07/18/2014","34.97","34.72","35.01","34.51","2.28M","1.36%"
"07/17/2014","34.50","34.80","35.00","34.48","1.33M","-1.23%"
"07/16/2014","34.93","34.88","35.20","34.81","1.84M","0.43%"
"07/15/2014","34.78","34.98","35.15","34.57","1.28M","-0.43%"
"07/14/2014","34.93","35.08","35.17","34.81","1.29M","0.06%"
"07/11/2014","34.91","35.17","35.21","34.79","1.64M","-0.57%"
"07/10/2014","35.11","34.82","35.30","34.70","1.39M","-0.65%"
"07/09/2014","35.34","35.50","35.55","35.07","1.76M","-0.06%"
"07/08/2014","35.36","35.50","35.54","35.24","1.63M","-0.79%"
"07/07/2014","35.64","35.65","35.71","35.43","1.80M","-0.06%"
"07/03/2014","35.66","35.48","35.75","35.31","687.52K","0.85%"
"07/02/2014","35.36","35.24","35.47","35.17","1.73M","-0.06%"
"07/01/2014","35.38","34.92","35.43","34.77","2.29M","1.78%"
"06/30/2014","34.76","34.56","34.80","34.48","1.93M","0.78%"
"06/27/2014","34.49","34.49","34.50","34.24","2.58M","0.00%"
"06/26/2014","34.49","34.83","34.83","34.10","1.48M","-0.63%"
"06/25/2014","34.71","34.52","34.81","34.49","1.56M","0.06%"
"06/24/2014","34.69","34.91","35.10","34.60","1.80M","-0.69%"
"06/23/2014","34.93","35.08","35.17","34.83","1.43M","-0.31%"
"06/20/2014","35.04","34.95","35.21","34.71","6.99M","-0.09%"
"06/19/2014","35.07","35.32","35.32","34.71","2.61M","1.04%"
"06/18/2014","34.71","34.83","34.91","34.42","2.11M","-0.43%"
"06/17/2014","34.86","34.39","34.94","34.38","2.20M","0.98%"
"06/16/2014","34.52","33.98","34.53","33.90","2.92M","1.53%"
"06/13/2014","34.00","34.04","34.25","33.88","1.65M","0.12%"
"06/12/2014","33.96","33.84","34.04","33.74","2.02M","0.06%"
"06/11/2014","33.94","33.83","34.03","33.70","1.61M","0.15%"
"06/10/2014","33.89","33.62","33.93","33.47","2.00M","0.65%"
"06/09/2014","33.67","33.75","34.17","33.61","2.90M","-0.44%"
"06/06/2014","33.82","34.00","34.01","33.76","1.93M","-0.18%"
"06/05/2014","33.88","33.66","33.93","33.43","6.89M","1.07%"
"06/04/2014","33.52","33.21","33.71","33.21","3.19M","0.42%"
"06/03/2014","33.38","33.00","33.48","32.99","2.99M","0.82%"
"06/02/2014","33.11","33.18","33.21","32.62","2.51M","-0.06%"
"05/30/2014","33.13","33.33","33.34","32.82","2.61M","-0.36%"
"05/29/2014","33.25","33.27","33.40","33.12","2.00M","0.00%"
"05/28/2014","33.25","33.26","33.44","33.09","1.59M","-0.06%"
"05/27/2014","33.27","33.47","33.50","33.16","2.33M","-0.12%"
"05/23/2014","33.31","33.12","33.35","33.08","1.52M","0.51%"
"05/22/2014","33.14","33.00","33.16","32.74","5.92M","0.42%"
"05/21/2014","33.00","33.03","33.22","32.87","2.12M","0.09%"
"05/20/2014","32.97","33.15","33.22","32.82","2.90M","-0.54%"
"05/19/2014","33.15","33.09","33.50","32.99","3.80M","1.16%"
"05/16/2014","32.77","32.33","32.92","32.27","3.89M","0.83%"
"05/15/2014","32.50","32.62","32.75","32.05","3.93M","0.22%"
"05/14/2014","32.43","32.58","32.88","32.38","3.42M","-0.55%"
"05/13/2014","32.61","32.81","33.00","32.59","2.95M","-0.61%"
"05/12/2014","32.81","32.53","32.92","32.53","2.83M","1.33%"
"05/09/2014","32.38","32.16","32.47","31.88","2.86M","0.72%"
"05/08/2014","32.15","32.10","32.84","32.01","3.01M","-0.53%"
"05/07/2014","32.32","32.13","32.34","31.89","3.51M","0.69%"
"05/06/2014","32.10","32.45","32.51","32.08","3.16M","-1.14%"
"05/05/2014","32.47","31.92","32.54","31.82","3.65M","1.06%"
"05/02/2014","32.13","32.17","32.25","31.78","6.44M","0.16%"
"05/01/2014","32.08","33.03","33.03","32.03","5.69M","-1.35%"
"04/30/2014","32.52","32.49","32.70","32.28","3.75M","-0.37%"
"04/29/2014","32.64","32.74","32.96","32.37","3.41M","0.25%"
"04/28/2014","32.56","33.43","33.47","32.13","7.52M","-1.60%"
"04/25/2014","33.09","35.46","35.50","32.66","9.53M","-3.08%"
"04/24/2014","34.14","33.51","34.38","33.48","5.02M","-0.64%"
"04/23/2014","34.36","34.68","34.79","34.32","1.92M","-1.09%"
"04/22/2014","34.74","34.47","34.92","34.20","2.35M","0.35%"
"04/21/2014","34.62","34.52","34.72","34.15","1.62M","0.46%"
"04/17/2014","34.46","33.96","34.79","33.96","4.01M","1.41%"
"04/16/2014","33.98","34.28","34.29","33.55","3.52M","-0.38%"
"04/15/2014","34.11","33.96","34.26","33.63","3.33M","0.44%"
"04/14/2014","33.96","34.16","34.24","33.53","2.63M","0.44%"
"04/11/2014","33.81","34.26","34.53","33.73","2.27M","-1.86%"
"04/10/2014","34.45","35.33","35.52","34.42","3.55M","-2.60%"
"04/09/2014","35.37","35.16","35.44","34.99","2.72M","0.86%"
"04/08/2014","35.07","34.47","35.08","34.30","3.44M","1.62%"
"04/07/2014","34.51","34.87","35.09","34.28","2.77M","-1.15%"
"04/04/2014","34.91","36.56","36.64","34.86","4.03M","-4.09%"
"04/03/2014","36.40","36.37","37.16","36.20","5.49M","0.83%"
"04/02/2014","36.10","36.48","36.54","36.01","2.48M","-0.91%"
"04/01/2014","36.43","36.52","36.52","36.02","1.75M","0.55%"
"03/31/2014","36.23","35.65","36.24","35.65","2.73M","2.20%"
"03/28/2014","35.45","35.09","36.09","34.96","2.19M","-0.51%"
"03/27/2014","35.63","35.80","36.08","35.56","1.25M","-0.78%"
"03/26/2014","35.91","36.60","36.77","35.91","1.77M","-1.43%"
"03/25/2014","36.43","36.01","36.64","35.96","2.63M","1.87%"
"03/24/2014","35.76","36.32","36.51","35.65","2.97M","-1.62%"
"03/21/2014","36.35","37.37","37.56","36.16","6.51M","-1.86%"
"03/20/2014","37.04","36.30","37.05","36.25","3.71M","2.92%"
"03/19/2014","35.99","35.94","36.32","35.74","2.04M","0.08%"
"03/18/2014","35.96","35.63","35.97","35.41","2.37M","1.27%"
"03/17/2014","35.51","35.60","35.80","35.43","1.96M","0.62%"
"03/14/2014","35.29","35.53","35.93","35.27","1.84M","-0.62%"
"03/13/2014","35.51","36.16","36.31","35.34","3.02M","-1.36%"
"03/12/2014","36.00","35.79","36.05","35.62","2.24M","0.08%"
"03/11/2014","35.97","36.53","36.70","35.84","2.82M","-1.29%"
"03/10/2014","36.44","36.56","36.71","36.34","2.25M","-0.25%"
"03/07/2014","36.53","36.46","36.66","36.20","2.62M","0.66%"
"03/06/2014","36.29","36.48","36.71","36.23","4.30M","-0.33%"
"03/05/2014","36.41","36.50","36.50","36.12","1.81M","-0.52%"
"03/04/2014","36.60","36.15","36.68","35.83","2.77M","2.18%"
"03/03/2014","35.82","36.06","36.20","35.38","4.59M","-1.35%"
"02/28/2014","36.31","36.33","36.69","36.05","4.29M","0.17%"
"02/27/2014","36.25","36.46","36.46","36.03","2.42M","0.30%"
"02/26/2014","36.14","35.85","36.41","35.79","2.30M","0.67%"
"02/25/2014","35.90","36.02","36.18","35.73","3.27M","-0.03%"
"02/24/2014","35.91","35.84","36.15","35.70","2.76M","0.59%"
"02/21/2014","35.70","35.78","35.89","35.50","3.25M","0.14%"
"02/20/2014","35.65","35.79","35.82","35.27","3.00M","-0.28%"
"02/19/2014","35.75","34.88","35.82","34.80","5.18M","2.46%"
"02/18/2014","34.89","34.61","34.97","34.41","3.35M","0.37%"
"02/14/2014","34.76","34.75","34.97","34.55","3.58M","0.09%"
"02/13/2014","34.73","34.60","35.05","34.37","2.90M","0.03%"
"02/12/2014","34.72","34.40","34.92","34.24","3.90M","0.96%"
"02/11/2014","34.39","33.88","34.55","33.82","3.86M","1.42%"
"02/10/2014","33.91","33.60","34.06","33.53","3.17M","0.65%"
"02/07/2014","33.69","33.25","33.71","33.01","3.38M","1.84%"
"02/06/2014","33.08","32.33","33.10","32.33","6.10M","2.29%"
"02/05/2014","32.34","32.35","32.63","32.01","3.13M","-0.52%"
"02/04/2014","32.51","32.74","32.79","32.41","3.13M","-0.06%"
"02/03/2014","32.53","33.38","33.38","32.46","3.83M","-2.69%"
"01/31/2014","33.43","33.19","33.69","33.00","3.98M","-0.33%"
"01/30/2014","33.54","33.23","33.66","32.87","4.16M","1.73%"
"01/29/2014","32.97","32.20","33.28","32.09","5.70M","1.92%"
"01/28/2014","32.35","31.87","32.36","31.77","3.09M","1.47%"
"01/27/2014","31.88","32.09","32.27","31.75","3.35M","-0.75%"
"01/24/2014","32.12","33.50","33.50","32.04","8.72M","-2.46%"
"01/23/2014","32.93","33.03","33.13","32.68","3.19M","-1.17%"
"01/22/2014","33.32","33.00","33.47","32.60","3.29M","0.79%"
"01/21/2014","33.06","33.46","33.50","33.00","4.82M","2.04%"
"01/17/2014","32.40","31.88","32.70","31.77","2.95M","1.25%"
"01/16/2014","32.00","32.24","32.41","31.85","1.96M","-0.78%"
"01/15/2014","32.25","32.11","32.41","31.98","2.97M","1.38%"
"01/14/2014","31.81","31.56","31.96","31.47","2.89M","1.37%"
"01/13/2014","31.38","31.36","31.94","31.32","3.28M","-0.29%"
"01/10/2014","31.47","31.62","31.66","31.05","3.35M","0.03%"
"01/09/2014","31.46","31.97","31.97","31.24","3.29M","-1.01%"
"01/08/2014","31.78","32.28","32.32","31.70","4.22M","-1.12%"
"01/07/2014","32.14","32.19","32.31","31.96","1.68M","0.50%"
"01/06/2014","31.98","32.29","32.35","31.86","2.33M","-0.59%"
"01/03/2014","32.17","32.11","32.25","31.93","1.65M","0.47%"
"01/02/2014","32.02","31.93","32.33","31.79","3.43M","-1.51%"
"12/31/2013","32.51","32.58","32.58","32.36","1.69M","0.22%"
"12/30/2013","32.44","32.33","32.56","32.21","1.33M","0.15%"
"12/27/2013","32.39","32.27","32.44","32.15","1.34M","0.65%"
"12/26/2013","32.18","31.87","32.30","31.87","918.85K","0.25%"
"12/24/2013","32.10","31.91","32.17","31.91","903.17K","0.38%"
"12/23/2013","31.98","31.65","32.14","31.64","2.15M","1.52%"
"12/20/2013","31.50","31.37","31.67","31.32","4.27M","0.77%"
"12/19/2013","31.26","31.53","31.75","31.14","3.40M","-1.82%"
"12/18/2013","31.84","31.58","31.93","31.30","4.12M","0.82%"
"12/17/2013","31.58","31.03","31.76","31.03","3.09M","1.51%"
"12/16/2013","31.11","30.99","31.30","30.92","3.50M","0.91%"
"12/13/2013","30.83","31.22","31.40","30.73","3.49M","-0.84%"
"12/12/2013","31.09","31.26","31.50","31.07","3.58M","-0.03%"
"12/11/2013","31.10","31.42","31.49","31.08","3.18M","-0.99%"
"12/10/2013","31.41","31.62","31.80","31.34","3.89M","-1.38%"
"12/09/2013","31.85","32.19","32.35","31.83","3.15M","-0.84%"
"12/06/2013","32.12","32.23","32.41","32.00","2.55M","0.82%"
"12/05/2013","31.86","31.96","32.06","31.73","2.87M","-0.34%"
"12/04/2013","31.97","31.79","32.38","31.54","3.68M","0.28%"
"12/03/2013","31.88","31.85","32.48","31.84","3.58M","-0.53%"
"12/02/2013","32.05","31.80","32.13","31.53","4.98M","-0.62%"
"11/29/2013","32.25","32.54","32.66","32.23","1.34M","-0.83%"
"11/27/2013","32.52","32.02","32.59","31.86","3.17M","1.34%"
"11/26/2013","32.09","32.21","32.36","32.07","2.84M","-0.47%"
"11/25/2013","32.24","32.17","32.45","31.84","4.27M","-0.31%"
"11/22/2013","32.34","31.99","32.38","31.81","3.00M","1.03%"
"11/21/2013","32.01","31.52","32.04","31.44","3.76M","2.11%"
"11/20/2013","31.35","31.16","31.82","31.06","5.35M","0.93%"
"11/19/2013","31.06","32.04","32.28","30.98","9.75M","-4.34%"
"11/18/2013","32.47","33.00","33.00","32.31","4.14M","-0.76%"
"11/15/2013","32.72","32.48","32.81","32.29","3.31M","0.74%"
"11/14/2013","32.48","32.91","33.00","32.35","3.60M","-2.11%"
"11/13/2013","33.18","34.48","34.48","32.83","3.76M","0.06%"
"11/12/2013","33.16","32.78","33.29","32.78","2.61M","0.70%"
"11/11/2013","32.93","33.25","33.41","32.81","2.96M","-1.38%"
"11/08/2013","33.39","33.24","33.63","33.15","3.03M","0.78%"
"11/07/2013","33.13","33.08","33.48","32.95","4.24M","0.06%"
"11/06/2013","33.11","33.02","33.30","32.96","2.00M","0.42%"
"11/05/2013","32.97","33.17","33.26","32.88","3.03M","-0.99%"
"11/04/2013","33.30","33.23","33.61","33.23","2.17M","0.39%"
"11/01/2013","33.17","33.73","33.98","33.08","2.92M","-1.28%"
"10/31/2013","33.60","33.29","34.09","33.29","3.16M","0.36%"
"10/30/2013","33.48","33.86","33.92","33.10","2.45M","-1.12%"
"10/29/2013","33.86","33.50","33.95","33.44","2.77M","1.23%"
"10/28/2013","33.45","33.21","33.62","33.07","4.74M","0.97%"
"10/25/2013","33.13","33.40","33.55","33.06","4.33M","-0.12%"
"10/24/2013","33.17","32.52","33.32","32.38","7.54M","2.69%"
"10/23/2013","32.30","33.98","34.04","32.01","14.42M","-13.45%"
"10/22/2013","37.32","37.68","37.74","37.16","3.52M","-0.37%"
"10/21/2013","37.46","37.47","37.65","37.36","1.87M","-0.05%"
"10/18/2013","37.48","37.69","37.69","37.26","1.98M","-0.93%"
"10/17/2013","37.83","36.86","38.00","36.76","4.12M","2.16%"
"10/16/2013","37.03","36.80","37.18","36.62","3.06M","0.90%"
"10/15/2013","36.70","37.17","37.24","36.63","1.62M","-1.63%"
"10/14/2013","37.31","36.94","37.37","36.90","1.23M","0.32%"
"10/11/2013","37.19","36.45","37.35","36.45","2.45M","1.25%"
"10/10/2013","36.73","36.09","36.75","35.98","2.01M","2.63%"
"10/09/2013","35.79","36.16","36.29","35.47","2.00M","-0.83%"
"10/08/2013","36.09","36.51","36.80","35.94","1.61M","-1.18%"
"10/07/2013","36.52","36.37","36.86","36.33","1.33M","-0.95%"
"10/04/2013","36.87","36.76","37.23","36.65","1.78M","0.57%"
"10/03/2013","36.66","36.85","37.00","36.36","1.97M","-0.49%"
"10/02/2013","36.84","36.84","37.01","36.62","2.72M","-0.43%"
"10/01/2013","37.00","37.12","37.44","36.90","2.73M","-0.43%"
"09/30/2013","37.16","36.61","37.37","36.47","2.67M","0.54%"
"09/27/2013","36.96","37.10","37.20","36.93","2.07M","-0.91%"
"09/26/2013","37.30","37.51","37.75","37.20","1.35M","-0.19%"
"09/25/2013","37.37","37.32","37.64","37.00","1.99M","0.03%"
"09/24/2013","37.36","37.37","37.71","37.16","1.97M","0.16%"
"09/23/2013","37.30","37.63","37.82","37.09","3.27M","-0.80%"
"09/20/2013","37.60","37.92","38.04","37.55","3.24M","-1.00%"
"09/19/2013","37.98","38.28","38.35","37.88","1.61M","-0.42%"
"09/18/2013","38.14","37.90","38.18","37.33","4.45M","-0.10%"
"09/17/2013","38.18","38.16","38.48","38.02","2.91M","0.87%"
"09/16/2013","37.85","38.95","39.18","37.74","5.76M","-2.12%"
"09/13/2013","38.67","38.82","38.95","38.55","1.98M","-0.34%"
"09/12/2013","38.80","38.68","38.81","38.40","2.97M","0.26%"
"09/11/2013","38.70","38.53","38.97","38.24","2.39M","0.13%"
"09/10/2013","38.65","38.29","38.90","38.12","4.39M","1.76%"
"09/09/2013","37.98","37.72","38.02","37.64","2.76M","1.09%"
"09/06/2013","37.57","37.75","37.77","37.04","3.13M","0.29%"
"09/05/2013","37.46","37.37","37.52","37.02","2.79M","0.62%"
"09/04/2013","37.23","35.90","37.31","35.86","5.47M","3.76%"
"09/03/2013","35.88","35.53","36.22","35.50","5.29M","2.02%"
"08/30/2013","35.17","35.72","35.72","35.05","3.19M","-1.46%"
"08/29/2013","35.69","34.83","35.98","34.79","5.29M","2.59%"
"08/28/2013","34.79","34.53","34.92","34.51","2.13M","0.75%"
"08/27/2013","34.53","34.83","35.12","34.46","2.93M","-1.76%"
"08/26/2013","35.15","35.35","35.62","35.14","3.40M","1.41%"
"08/23/2013","34.66","34.62","34.79","34.31","2.22M","0.23%"
"08/22/2013","34.58","34.65","34.79","34.30","3.49M","-0.26%"
"08/21/2013","34.67","34.72","35.00","34.38","3.65M","-0.12%"
"08/20/2013","34.71","34.73","35.14","34.58","2.40M","-0.20%"
"08/19/2013","34.78","35.02","35.31","34.78","2.24M","-0.63%"
"08/16/2013","35.00","34.69","35.25","34.63","3.60M","0.89%"
"08/15/2013","34.69","34.66","35.07","34.54","3.81M","-2.45%"
"08/14/2013","35.56","36.13","36.24","35.52","3.81M","-2.04%"
"08/13/2013","36.30","36.23","36.51","35.85","2.19M","0.50%"
"08/12/2013","36.12","35.87","36.27","35.87","2.09M","0.31%"
"08/09/2013","36.01","36.17","36.28","35.90","1.61M","-0.69%"
"08/08/2013","36.26","36.34","36.36","35.97","2.90M","0.30%"
"08/07/2013","36.15","36.06","36.33","35.90","2.71M","-0.19%"
"08/06/2013","36.22","36.15","36.51","36.03","3.04M","0.11%"
"08/05/2013","36.18","36.23","36.41","36.12","2.22M","-0.63%"
"08/02/2013","36.41","36.28","36.46","35.97","4.23M","-0.16%"
"08/01/2013","36.47","36.13","36.52","35.69","3.68M","2.56%"
"07/31/2013","35.56","35.37","35.80","35.32","3.50M","1.05%"
"07/30/2013","35.19","35.17","35.45","35.08","2.71M","0.83%"
"07/29/2013","34.90","34.96","35.35","34.81","1.52M","-0.26%"
"07/26/2013","34.99","34.82","35.01","34.57","2.52M","-0.60%"
"07/25/2013","35.20","34.89","35.35","34.86","2.90M","0.26%"
"07/24/2013","35.11","36.07","36.35","34.98","5.06M","-1.01%"
"07/23/2013","35.47","35.84","35.90","35.41","3.37M","-0.25%"
"07/22/2013","35.56","35.86","36.00","35.29","4.55M","0.14%"
"07/19/2013","35.51","35.66","35.66","35.29","2.22M","-0.42%"
"07/18/2013","35.66","35.70","36.29","35.40","4.89M","1.65%"
"07/17/2013","35.08","34.97","35.36","34.88","3.03M","0.52%"
"07/16/2013","34.90","34.85","35.12","34.80","2.04M","0.26%"
"07/15/2013","34.81","35.18","35.19","34.73","2.41M","-0.68%"
"07/12/2013","35.05","34.78","35.19","34.72","2.40M","1.59%"
"07/11/2013","34.50","34.13","34.60","34.10","2.84M","1.95%"
"07/10/2013","33.84","33.50","33.88","33.41","1.69M","0.77%"
"07/09/2013","33.58","33.30","33.65","33.21","2.12M","1.67%"
"07/08/2013","33.03","33.81","33.91","32.82","1.98M","-1.96%"
"07/05/2013","33.69","33.33","33.78","33.18","1.45M","1.29%"
"07/03/2013","33.26","32.82","33.40","32.74","911.69K","0.91%"
"07/02/2013","32.96","33.03","33.46","32.65","2.48M","-0.60%"
"07/01/2013","33.16","33.14","33.58","32.93","1.98M","0.52%"
"06/28/2013","32.99","32.79","33.37","32.75","5.43M","-0.12%"
"06/27/2013","33.03","32.88","33.31","32.65","3.81M","0.95%"
"06/26/2013","32.72","32.82","32.96","32.39","2.59M","0.34%"
"06/25/2013","32.61","32.19","32.69","31.95","3.60M","2.55%"
"06/24/2013","31.80","31.80","32.01","31.47","3.09M","-0.59%"
"06/21/2013","31.99","31.79","32.21","31.68","4.79M","0.63%"
"06/20/2013","31.79","32.19","32.19","31.57","4.02M","-2.18%"
"06/19/2013","32.50","32.85","33.05","32.44","2.26M","-1.31%"
"06/18/2013","32.93","32.83","33.15","32.83","2.37M","0.21%"
"06/17/2013","32.86","32.60","33.13","32.55","2.31M","1.77%"
"06/14/2013","32.29","32.55","32.88","32.17","3.11M","-0.62%"
"06/13/2013","32.49","31.52","32.57","31.42","3.26M","3.14%"
"06/12/2013","31.50","32.30","32.52","31.42","2.75M","-2.02%"
"06/11/2013","32.15","32.33","32.64","32.03","2.37M","-1.47%"
"06/10/2013","32.63","32.65","32.75","32.24","2.35M","0.06%"
"06/07/2013","32.61","32.10","32.67","31.68","3.89M","1.91%"
"06/06/2013","32.00","33.16","33.26","31.97","7.90M","-3.15%"
"06/05/2013","33.04","33.45","33.65","32.87","3.82M","-1.87%"
"06/04/2013","33.67","33.90","34.15","33.59","4.70M","1.63%"
"06/03/2013","33.13","33.37","33.63","32.82","3.18M","-0.27%"
"05/31/2013","33.22","33.31","33.73","33.19","2.49M","-1.07%"
"05/30/2013","33.58","33.34","33.77","33.27","3.29M","0.78%"
"05/29/2013","33.32","33.03","33.43","32.78","4.25M","0.79%"
"05/28/2013","33.06","33.30","33.49","32.98","2.74M","0.36%"
"05/24/2013","32.94","32.50","32.94","32.34","1.83M","0.70%"
"05/23/2013","32.71","32.65","32.81","32.29","3.37M","-0.27%"
"05/22/2013","32.80","33.82","33.91","32.52","4.83M","-3.27%"
"05/21/2013","33.91","33.89","34.02","33.70","1.99M","0.03%"
"05/20/2013","33.90","33.88","34.23","33.83","2.64M","-0.62%"
"05/17/2013","34.11","33.53","34.11","33.38","3.89M","2.43%"
"05/16/2013","33.30","33.45","33.88","33.27","3.51M","0.30%"
"05/15/2013","33.20","32.75","33.41","32.70","1.99M","0.97%"
"05/14/2013","32.88","32.77","33.04","32.44","2.20M","0.21%"
"05/13/2013","32.81","33.04","33.04","32.75","2.07M","-0.73%"
"05/10/2013","33.05","33.11","33.20","32.79","1.75M","0.12%"
"05/09/2013","33.01","33.00","33.21","32.80","1.77M","0.09%"
"05/08/2013","32.98","32.94","33.14","32.80","2.08M","-0.18%"
"05/07/2013","33.04","33.07","33.34","32.93","1.85M","-0.15%"
"05/06/2013","33.09","32.86","33.46","32.64","2.58M","1.10%"
"05/03/2013","32.73","32.64","33.05","32.57","1.84M","1.14%"
"05/02/2013","32.36","31.91","32.50","31.91","3.18M","1.41%"
"05/01/2013","31.91","31.98","32.15","31.82","2.72M","-0.31%"
"04/30/2013","32.01","31.56","32.12","31.24","5.51M","1.17%"
"04/29/2013","31.64","31.52","31.77","31.16","3.34M","1.41%"
"04/26/2013","31.20","31.81","32.30","30.88","7.85M","-5.25%"
"04/25/2013","32.93","31.95","32.99","31.89","6.14M","3.98%"
"04/24/2013","31.67","31.60","31.93","31.35","3.34M","-0.28%"
"04/23/2013","31.76","31.64","31.83","31.17","3.93M","1.21%"
"04/22/2013","31.38","31.09","31.56","30.62","2.51M","1.00%"
"04/19/2013","31.07","31.27","31.52","30.65","5.33M","-1.08%"
"04/18/2013","31.41","32.20","32.33","31.29","4.04M","-1.69%"
"04/17/2013","31.95","32.97","32.97","31.80","4.26M","-4.28%"
"04/16/2013","33.38","32.96","33.41","32.72","2.10M","1.86%"
"04/15/2013","32.77","33.12","33.39","32.73","2.84M","-1.59%"
"04/12/2013","33.30","33.54","33.70","33.06","3.37M","-0.98%"
"04/11/2013","33.63","33.40","33.98","33.37","2.28M","-0.24%"
"04/10/2013","33.71","33.32","34.04","33.26","2.55M","1.60%"
"04/09/2013","33.18","33.25","33.52","32.88","3.68M","-0.06%"
"04/08/2013","33.20","33.16","33.33","32.99","2.64M","0.15%"
"04/05/2013","33.15","33.15","33.23","32.37","3.85M","-1.92%"
"04/04/2013","33.80","33.07","33.88","33.03","3.27M","1.96%"
"04/03/2013","33.15","34.13","34.28","32.98","5.29M","-3.01%"
"04/02/2013","34.18","34.81","34.99","33.96","2.93M","-1.64%"
"04/01/2013","34.75","35.73","35.73","34.67","3.04M","-2.00%"
"03/28/2013","35.46","34.71","35.50","34.57","2.81M","2.13%"
"03/27/2013","34.72","34.87","34.94","34.51","3.18M","-1.20%"
"03/26/2013","35.14","35.01","35.22","34.88","2.14M","1.06%"
"03/25/2013","34.77","34.83","35.11","34.55","2.29M","0.14%"
"03/22/2013","34.72","34.90","34.97","34.33","2.84M","-0.26%"
"03/21/2013","34.81","34.75","35.15","34.33","2.92M","-0.71%"
"03/20/2013","35.06","34.92","35.14","34.76","1.76M","1.42%"
"03/19/2013","34.57","34.89","35.20","34.04","4.06M","0.03%"
"03/18/2013","34.56","34.75","34.98","34.46","2.67M","-1.71%"
"03/15/2013","35.16","35.48","35.82","34.90","3.81M","-1.26%"
"03/14/2013","35.61","35.39","36.30","35.37","4.27M","1.80%"
"03/13/2013","34.98","35.14","35.22","34.89","2.80M","-0.17%"
"03/12/2013","35.04","35.02","35.28","34.77","2.50M","-0.14%"
"03/11/2013","35.09","34.91","35.39","34.78","3.12M","-0.45%"
"03/08/2013","35.25","35.25","35.60","34.99","2.92M","0.17%"
"03/07/2013","35.19","35.05","35.60","34.95","3.38M","0.74%"
"03/06/2013","34.93","35.47","35.51","34.88","3.35M","-0.57%"
"03/05/2013","35.13","35.32","35.46","34.77","5.94M","-0.03%"
"03/04/2013","35.14","35.39","35.58","34.94","4.79M","-1.04%"
"03/01/2013","35.51","35.38","35.51","34.73","3.99M","0.23%"
"02/28/2013","35.43","35.78","36.15","35.41","3.96M","-1.23%"
"02/27/2013","35.87","35.81","36.25","35.81","3.49M","-0.47%"
"02/26/2013","36.04","35.21","36.15","35.10","6.88M","2.94%"
"02/25/2013","35.01","35.62","35.85","35.00","4.81M","-0.96%"
"02/22/2013","35.35","35.17","35.43","34.81","2.41M","1.49%"
"02/21/2013","34.83","35.26","35.40","34.56","3.27M","-1.75%"
"02/20/2013","35.45","36.29","36.37","35.43","3.67M","-2.04%"
"02/19/2013","36.19","35.81","36.62","35.71","2.92M","1.26%"
"02/15/2013","35.74","36.24","36.32","35.62","3.61M","-1.41%"
"02/14/2013","36.25","35.38","36.50","35.33","3.52M","2.03%"
"02/13/2013","35.53","35.70","35.93","35.26","1.91M","-0.36%"
"02/12/2013","35.66","35.20","35.69","35.02","2.58M","1.25%"
"02/11/2013","35.22","35.13","35.37","34.89","3.24M","-0.45%"
"02/08/2013","35.38","34.62","35.59","34.62","3.08M","2.61%"
"02/07/2013","34.48","34.28","34.50","34.10","3.43M","-0.49%"
"02/06/2013","34.65","34.29","34.74","34.14","2.85M","0.43%"
"02/05/2013","34.50","34.04","34.63","33.78","2.71M","2.19%"
"02/04/2013","33.76","34.44","34.48","33.72","2.86M","-2.12%"
"02/01/2013","34.49","33.61","35.00","33.55","5.34M","3.20%"
"01/31/2013","33.42","33.40","33.91","33.27","4.11M","0.15%"
"01/30/2013","33.37","33.34","33.66","33.11","2.97M","0.30%"
"01/29/2013","33.27","33.62","33.62","33.06","2.97M","-0.72%"
"01/28/2013","33.51","33.60","33.96","33.44","2.91M","-0.03%"
"01/25/2013","33.52","33.57","33.68","32.94","6.74M","-0.12%"
"01/24/2013","33.56","32.97","34.15","31.65","11.12M","-4.60%"
"01/23/2013","35.18","35.62","35.69","35.02","4.62M","-0.93%"
"01/22/2013","35.51","35.61","35.63","35.34","1.85M","-0.36%"
"01/18/2013","35.64","35.56","35.89","35.43","2.61M","-0.17%"
"01/17/2013","35.70","35.32","35.92","35.26","3.11M","1.54%"
"01/16/2013","35.16","34.39","35.30","34.34","3.64M","2.39%"
"01/15/2013","34.34","34.01","34.43","33.81","2.97M","-0.98%"
"01/14/2013","34.68","35.00","35.25","34.41","3.15M","-1.67%"
"01/11/2013","35.27","35.00","35.48","34.95","1.95M","0.97%"
"01/10/2013","34.93","34.73","34.99","34.56","2.58M","1.66%"
"01/09/2013","34.36","34.50","34.72","34.15","3.08M","-0.43%"
"01/08/2013","34.51","35.09","35.25","34.32","2.79M","-2.15%"
"01/07/2013","35.27","35.09","35.57","34.89","3.39M","0.37%"
"01/04/2013","35.14","35.28","35.34","35.00","2.39M","-0.14%"
"01/03/2013","35.19","35.27","35.75","35.06","4.37M","-1.98%"
"01/02/2013","35.90","35.04","36.03","34.96","4.31M","4.39%"
"12/31/2012","34.39","34.04","34.48","33.72","3.06M","1.12%"
"12/28/2012","34.01","34.14","34.50","33.88","1.52M","-0.96%"
"12/27/2012","34.34","34.40","34.55","33.94","2.66M","-0.20%"
"12/26/2012","34.41","34.49","34.87","34.34","1.68M","-0.15%"
"12/24/2012","34.46","34.31","34.52","34.17","889.67K","-0.12%"
"12/21/2012","34.50","34.52","34.58","33.71","4.38M","-0.69%"
"12/20/2012","34.74","34.61","34.85","34.33","2.47M","0.55%"
"12/19/2012","34.55","34.32","34.99","34.18","3.91M","1.29%"
"12/18/2012","34.11","33.41","34.46","33.41","4.25M","2.13%"
"12/17/2012","33.40","33.16","33.57","33.02","2.87M","1.64%"
"12/14/2012","32.86","32.94","33.25","32.66","3.26M","-0.45%"
"12/13/2012","33.01","33.00","33.54","32.84","2.40M","-0.09%"
"12/12/2012","33.04","33.21","33.46","32.90","2.56M","-0.12%"
"12/11/2012","33.08","32.40","33.37","32.28","5.54M","3.09%"
"12/10/2012","32.09","31.57","32.47","31.48","2.97M","1.61%"
"12/07/2012","31.58","31.37","31.62","31.10","2.21M","1.35%"
"12/06/2012","31.16","31.01","31.52","30.96","2.76M","0.48%"
"12/05/2012","31.01","31.49","31.83","30.89","7.73M","-3.64%"
"12/04/2012","32.18","32.28","32.32","31.92","5.74M","-0.16%"
"12/03/2012","32.23","32.57","32.84","32.13","3.99M","-0.49%"
"11/30/2012","32.39","32.31","32.55","32.20","2.45M","0.53%"
"11/29/2012","32.22","32.37","32.59","32.07","2.04M","-0.25%"
"11/28/2012","32.30","31.40","32.38","31.31","2.83M","2.41%"
"11/27/2012","31.54","31.61","31.85","31.38","2.83M","-1.16%"
"11/26/2012","31.91","31.76","32.22","31.76","2.63M","0.16%"
"11/23/2012","31.86","31.24","31.90","31.18","1.44M","2.74%"
"11/21/2012","31.01","31.05","31.27","30.95","1.69M","-0.26%"
"11/20/2012","31.09","30.98","31.19","30.73","2.44M","0.00%"
"11/19/2012","31.09","30.69","31.16","30.64","3.31M","2.10%"
"11/16/2012","30.45","30.20","30.60","29.98","4.63M","0.76%"
"11/15/2012","30.22","30.74","30.79","29.89","4.53M","-1.79%"
"11/14/2012","30.77","31.07","31.24","30.69","4.70M","0.49%"
"11/13/2012","30.62","30.45","30.93","30.31","3.90M","-0.13%"
"11/12/2012","30.66","30.76","30.90","30.42","2.02M","0.07%"
"11/09/2012","30.64","30.52","30.86","30.28","3.10M","0.00%"
"11/08/2012","30.64","30.61","30.95","30.46","4.42M","0.23%"
"11/07/2012","30.57","31.44","31.83","30.56","8.02M","-3.99%"
"11/06/2012","31.84","31.37","31.85","31.18","3.13M","2.02%"
"11/05/2012","31.21","30.36","31.32","30.35","2.54M","2.29%"
"11/02/2012","30.51","31.61","31.73","30.43","4.72M","-3.48%"
"11/01/2012","31.61","30.57","31.75","30.48","4.02M","3.71%"
"10/31/2012","30.48","30.48","30.67","30.16","3.93M","0.26%"
"10/26/2012","30.40","30.23","30.53","30.15","4.83M","0.63%"
"10/25/2012","30.21","29.91","30.57","29.90","8.50M","1.07%"
"10/24/2012","29.89","31.55","31.65","29.59","14.45M","-8.37%"
"10/23/2012","32.62","32.52","32.99","32.35","3.59M","-0.91%"
"10/22/2012","32.92","32.53","33.23","32.50","3.37M","1.26%"
"10/19/2012","32.51","33.20","33.20","32.41","3.60M","-2.08%"
"10/18/2012","33.20","33.41","33.62","32.98","3.10M","-0.57%"
"10/17/2012","33.39","33.23","33.90","33.06","4.43M","-0.39%"
"10/16/2012","33.52","32.81","33.71","32.80","3.50M","2.04%"
"10/15/2012","32.85","32.41","32.92","32.41","4.39M","1.61%"
"10/12/2012","32.33","32.02","32.43","31.89","4.74M","1.09%"
"10/11/2012","31.98","32.38","32.51","31.95","4.90M","-0.25%"
"10/10/2012","32.06","32.91","32.98","31.98","5.81M","-2.82%"
"10/09/2012","32.99","33.28","33.34","32.39","7.29M","-1.11%"
"10/08/2012","33.36","33.15","33.50","32.94","3.80M","-0.21%"
"10/05/2012","33.43","33.55","33.95","33.34","3.57M","-0.30%"
"10/04/2012","33.53","33.53","33.77","33.27","3.69M","0.42%"
"10/03/2012","33.39","34.00","34.15","33.34","4.12M","-1.79%"
"10/02/2012","34.00","34.03","34.22","33.71","2.36M","0.41%"
"10/01/2012","33.86","34.25","34.52","33.75","4.09M","-0.41%"
"09/28/2012","34.00","34.49","34.66","33.98","4.22M","-1.93%"
"09/27/2012","34.67","34.19","34.82","33.77","4.61M","-0.29%"
"09/26/2012","34.77","35.26","35.26","34.38","3.82M","-1.31%"
"09/25/2012","35.23","36.37","36.58","35.22","2.79M","-2.27%"
"09/24/2012","36.05","36.60","37.13","35.85","3.03M","-1.88%"
"09/21/2012","36.74","36.96","37.37","36.67","3.57M","-0.27%"
"09/20/2012","36.84","37.02","37.08","36.54","2.91M","-0.67%"
"09/19/2012","37.09","37.51","37.58","37.00","3.23M","-1.04%"
"09/18/2012","37.48","37.73","37.80","37.31","3.20M","-0.74%"
"09/17/2012","37.76","38.24","38.28","37.54","2.35M","-1.05%"
"09/14/2012","38.16","37.75","38.80","37.75","4.43M","1.44%"
"09/13/2012","37.62","37.20","37.97","36.95","3.13M","0.99%"
"09/12/2012","37.25","37.55","37.78","37.06","2.81M","-0.48%"
"09/11/2012","37.43","37.76","37.84","37.31","2.30M","-0.43%"
"09/10/2012","37.59","37.82","38.05","37.59","3.14M","-1.00%"
"09/07/2012","37.97","37.87","38.21","37.68","3.03M","-0.13%"
"09/06/2012","38.02","36.77","38.11","36.68","3.85M","4.28%"
"09/05/2012","36.46","37.08","37.32","36.32","3.27M","-1.59%"
"09/04/2012","37.05","37.14","37.29","36.38","3.08M","-0.75%"
"08/31/2012","37.33","36.69","37.45","36.46","3.68M","2.39%"
"08/30/2012","36.46","36.67","36.77","36.24","2.90M","-1.27%"
"08/29/2012","36.93","37.02","37.15","36.62","2.28M","-0.38%"
"08/28/2012","37.07","36.41","37.53","36.18","4.77M","1.62%"
"08/27/2012","36.48","36.45","36.58","35.99","3.89M","0.36%"
"08/24/2012","36.35","35.65","36.45","35.61","3.83M","1.74%"
"08/23/2012","35.73","35.66","35.84","35.15","2.76M","0.03%"
"08/22/2012","35.72","35.93","36.03","35.36","2.28M","-0.47%"
"08/21/2012","35.89","35.81","36.42","35.81","4.03M","-0.17%"
"08/20/2012","35.95","36.22","36.38","35.72","2.35M","-1.10%"
"08/17/2012","36.35","36.84","36.84","36.13","3.29M","-0.93%"
"08/16/2012","36.69","36.56","36.93","36.06","3.68M","1.44%"
"08/15/2012","36.17","35.84","36.50","35.84","2.95M","0.25%"
"08/14/2012","36.08","36.80","37.02","35.96","2.97M","-1.74%"
"08/13/2012","36.72","36.88","36.98","36.38","2.04M","-1.08%"
"08/10/2012","37.12","36.83","37.13","36.67","2.83M","0.68%"
"08/09/2012","36.87","36.51","37.11","36.47","3.00M","0.93%"
"08/08/2012","36.53","36.54","36.94","36.14","3.12M","-0.54%"
"08/07/2012","36.73","35.70","37.34","35.63","5.94M","3.58%"
"08/06/2012","35.46","35.87","35.99","35.42","3.20M","-0.92%"
"08/03/2012","35.79","35.64","36.00","35.11","2.41M","1.88%"
"08/02/2012","35.13","35.13","35.98","34.70","3.44M","-1.46%"
"08/01/2012","35.65","35.69","35.83","35.20","4.54M","0.56%"
"07/31/2012","35.45","35.21","35.81","35.15","4.32M","0.68%"
"07/30/2012","35.21","36.09","36.30","35.00","3.00M","-2.30%"
"07/27/2012","36.04","34.91","36.19","34.76","4.67M","3.74%"
"07/26/2012","34.74","35.01","35.60","34.37","5.02M","0.96%"
"07/25/2012","34.41","34.49","36.20","34.07","13.53M","12.19%"
"07/24/2012","30.67","31.20","31.20","30.40","3.63M","-1.45%"
"07/23/2012","31.12","30.82","31.31","29.96","3.63M","-0.35%"
"07/20/2012","31.23","31.92","32.01","31.20","3.63M","-2.13%"
"07/19/2012","31.91","31.90","32.48","31.52","4.68M","0.41%"
"07/18/2012","31.78","30.66","32.13","30.56","3.55M","3.55%"
"07/17/2012","30.69","31.15","31.15","29.67","5.80M","-0.26%"
"07/16/2012","30.77","31.10","31.10","30.21","5.39M","-1.85%"
"07/13/2012","31.35","30.92","31.47","30.90","2.62M","1.26%"
"07/12/2012","30.96","31.08","31.18","30.39","3.80M","-1.56%"
"07/11/2012","31.45","31.81","32.02","31.30","2.91M","-1.10%"
"07/10/2012","31.80","32.18","32.62","31.61","2.78M","-1.03%"
"07/09/2012","32.13","32.65","32.74","31.91","2.79M","-1.86%"
"07/06/2012","32.74","33.52","33.57","32.39","2.74M","-2.62%"
"07/05/2012","33.62","34.12","34.18","33.45","2.69M","-1.72%"
"07/03/2012","34.21","33.78","34.27","33.75","1.62M","1.42%"
"07/02/2012","33.73","33.89","34.13","33.58","2.66M","-0.33%"
"06/29/2012","33.84","33.04","34.06","32.99","4.57M","4.28%"
"06/28/2012","32.45","32.27","32.58","31.97","2.64M","-0.09%"
"06/27/2012","32.48","32.32","32.74","32.20","2.84M","0.31%"
"06/26/2012","32.38","32.25","32.70","31.82","3.10M","0.72%"
"06/25/2012","32.15","33.05","33.19","32.10","3.45M","-3.86%"
"06/22/2012","33.44","32.81","33.49","32.81","2.59M","1.80%"
"06/21/2012","32.85","34.39","34.46","32.79","2.58M","-4.26%"
"06/20/2012","34.31","34.21","34.53","34.03","1.84M","0.70%"
"06/19/2012","34.07","34.00","34.23","33.55","2.71M","0.98%"
"06/18/2012","33.74","32.90","33.84","32.79","3.37M","2.06%"
"06/15/2012","33.06","32.67","33.20","32.59","4.12M","1.41%"
"06/14/2012","32.60","32.98","33.15","32.28","4.91M","-1.27%"
"06/13/2012","33.02","33.35","33.50","32.90","3.42M","-1.78%"
"06/12/2012","33.62","32.94","33.64","32.87","4.71M","2.69%"
"06/11/2012","32.74","33.70","33.95","32.68","3.42M","-2.24%"
"06/08/2012","33.49","33.15","33.55","32.97","4.61M","1.45%"
"06/07/2012","33.01","34.04","34.55","32.91","6.27M","-2.25%"
"06/06/2012","33.77","33.27","33.80","33.18","2.87M","2.40%"
"06/05/2012","32.98","32.19","33.09","32.17","3.02M","1.82%"
"06/04/2012","32.39","32.37","32.79","31.97","5.63M","0.34%"
"06/01/2012","32.28","32.60","33.08","32.27","5.68M","-3.38%"
"05/31/2012","33.41","34.44","34.46","32.99","7.92M","-1.27%"
"05/30/2012","33.84","34.72","34.72","33.72","4.82M","-3.73%"
"05/29/2012","35.15","34.75","35.18","34.41","4.38M","2.12%"
"05/25/2012","34.42","33.84","34.60","33.73","2.54M","1.95%"
"05/24/2012","33.76","34.15","34.25","33.48","4.38M","-0.91%"
"05/23/2012","34.07","33.45","34.15","33.20","2.97M","1.16%"
"05/22/2012","33.68","34.26","34.26","33.45","3.44M","-1.95%"
"05/21/2012","34.35","33.28","34.40","33.11","3.84M","3.37%"
"05/18/2012","33.23","33.49","33.84","33.14","4.74M","-0.48%"
"05/17/2012","33.39","33.98","34.18","33.39","3.31M","-1.56%"
"05/16/2012","33.92","33.71","34.10","33.47","6.02M","1.10%"
"05/15/2012","33.55","33.52","33.85","33.43","4.50M","-0.65%"
"05/14/2012","33.77","33.38","33.80","33.27","3.56M","0.12%"
"05/11/2012","33.73","33.42","34.10","33.39","3.58M","0.75%"
"05/10/2012","33.48","33.75","33.80","33.00","5.34M","-0.45%"
"05/09/2012","33.63","33.03","33.84","32.67","5.54M","0.27%"
"05/08/2012","33.54","33.14","33.70","32.77","4.92M","0.69%"
"05/07/2012","33.31","33.58","33.86","33.28","3.40M","-1.10%"
"05/04/2012","33.68","34.31","34.57","33.61","3.55M","-2.43%"
"05/03/2012","34.52","35.53","35.53","34.41","4.64M","-2.68%"
"05/02/2012","35.47","34.90","35.58","34.84","4.06M","0.68%"
"05/01/2012","35.23","35.18","35.85","35.17","3.94M","-0.96%"
"04/30/2012","35.57","35.33","35.74","35.29","4.22M","0.03%"
"04/27/2012","35.56","36.19","36.19","35.47","5.25M","-1.25%"
"04/26/2012","36.01","34.90","36.08","34.83","7.14M","3.36%"
"04/25/2012","34.84","34.39","34.88","34.15","4.67M","2.44%"
"04/24/2012","34.01","34.53","34.65","33.96","5.38M","-1.56%"
"04/23/2012","34.55","34.45","34.80","34.10","8.63M","-1.99%"
"04/20/2012","35.25","37.71","38.00","35.13","16.96M","-8.44%"
"04/19/2012","38.50","38.16","39.26","38.04","5.03M","0.03%"
"04/18/2012","38.49","38.37","38.73","38.12","3.33M","-0.41%"
"04/17/2012","38.65","37.94","38.92","37.92","4.57M","2.87%"
"04/16/2012","37.57","37.84","38.07","37.28","3.58M","0.24%"
"04/13/2012","37.48","38.17","38.22","37.47","4.15M","-2.42%"
"04/12/2012","38.41","37.71","38.69","37.50","3.54M","2.29%"
"04/11/2012","37.55","37.15","37.73","37.01","4.22M","1.87%"
"04/10/2012","36.86","37.36","37.62","36.74","3.61M","-1.79%"
"04/09/2012","37.53","37.72","37.72","37.31","2.25M","-1.68%"
"04/05/2012","38.17","37.49","38.34","37.46","3.49M","1.01%"
"04/04/2012","37.79","38.23","38.40","37.52","3.78M","-2.00%"
"04/03/2012","38.56","39.20","39.32","38.40","4.27M","-2.13%"
"04/02/2012","39.40","39.64","39.86","39.07","3.93M","-1.05%"
"03/30/2012","39.82","39.58","40.14","39.48","3.90M","1.48%"
"03/29/2012","39.24","38.81","39.26","38.57","2.59M","0.33%"
"03/28/2012","39.11","39.24","39.47","38.77","2.51M","-0.58%"
"03/27/2012","39.34","39.19","39.62","39.17","4.84M","0.31%"
"03/26/2012","39.22","39.16","39.34","38.89","2.75M","1.11%"
"03/23/2012","38.79","38.79","39.13","38.57","2.81M","-0.28%"
"03/22/2012","38.90","38.67","39.25","38.45","3.80M","-0.66%"
"03/21/2012","39.16","39.25","39.49","38.98","2.43M","-0.38%"
"03/20/2012","39.31","39.29","39.49","39.01","3.47M","-0.66%"
"03/19/2012","39.57","39.43","39.65","39.02","3.37M","0.15%"
"03/16/2012","39.51","39.53","39.93","39.36","5.67M","0.13%"
"03/15/2012","39.46","38.95","39.61","38.69","4.99M","1.57%"
"03/14/2012","38.85","38.64","39.38","38.50","6.01M","2.08%"
"03/13/2012","38.06","37.89","38.09","37.68","2.88M","1.28%"
"03/12/2012","37.58","38.09","38.09","37.52","2.96M","-1.11%"
"03/09/2012","38.00","37.20","38.14","37.20","4.34M","1.55%"
"03/08/2012","37.42","37.36","37.63","36.98","3.45M","0.73%"
"03/07/2012","37.15","37.14","37.68","36.82","6.74M","-0.43%"
"03/06/2012","37.31","36.39","37.40","36.16","7.17M","1.52%"
"03/05/2012","36.75","37.28","37.28","36.31","5.24M","-1.21%"
"03/02/2012","37.20","38.02","38.34","37.17","4.30M","-2.21%"
"03/01/2012","38.04","38.44","38.71","37.81","3.61M","-1.12%"
"02/29/2012","38.47","39.05","39.15","38.00","5.18M","-1.64%"
"02/28/2012","39.11","38.78","39.33","38.71","2.67M","0.88%"
"02/27/2012","38.77","38.51","39.12","37.98","3.88M","-0.28%"
"02/24/2012","38.88","39.27","39.42","38.78","2.23M","-0.64%"
"02/23/2012","39.13","39.18","39.30","38.66","2.93M","0.28%"
"02/22/2012","39.02","39.35","39.55","38.56","4.95M","-0.86%"
"02/21/2012","39.36","40.14","40.31","39.20","3.27M","-1.77%"
"02/17/2012","40.07","40.71","40.87","40.05","3.15M","-1.60%"
"02/16/2012","40.72","39.86","40.86","39.73","2.89M","2.52%"
"02/15/2012","39.72","39.63","40.27","39.62","2.45M","0.00%"
"02/14/2012","39.72","39.46","39.88","39.31","2.50M","0.05%"
"02/13/2012","39.70","40.27","40.37","39.10","3.51M","-1.00%"
"02/10/2012","40.10","40.68","40.82","39.83","2.75M","-2.39%"
"02/09/2012","41.08","41.00","41.63","40.60","4.23M","0.76%"
"02/08/2012","40.77","40.37","41.20","40.32","3.91M","0.89%"
"02/07/2012","40.41","40.31","40.76","40.00","2.68M","0.22%"
"02/06/2012","40.32","40.57","40.62","40.06","1.96M","-1.27%"
"02/03/2012","40.84","40.14","40.91","39.92","4.03M","2.87%"
"02/02/2012","39.70","39.65","40.42","39.64","2.89M","0.23%"
"02/01/2012","39.61","40.22","40.49","39.58","3.96M","-0.45%"
"01/31/2012","39.79","40.09","40.12","39.40","4.31M","0.08%"
"01/30/2012","39.76","39.80","40.03","39.50","3.94M","-1.17%"
"01/27/2012","40.23","40.09","40.54","40.03","3.45M","-0.37%"
"01/26/2012","40.38","40.65","41.32","40.18","4.85M","-0.47%"
"01/25/2012","40.57","38.31","40.73","38.27","9.70M","1.12%"
"01/24/2012","40.12","39.36","40.12","38.95","5.67M","1.11%"
"01/23/2012","39.68","40.14","40.25","39.35","6.09M","-1.66%"
"01/20/2012","40.35","40.85","40.85","39.78","4.98M","-1.30%"
"01/19/2012","40.88","41.49","41.62","40.28","7.63M","0.39%"
"01/18/2012","40.72","37.82","40.90","37.76","11.64M","9.88%"
"01/17/2012","37.06","37.89","37.89","36.86","3.17M","-0.67%"
"01/13/2012","37.31","38.49","38.60","37.21","4.62M","-3.42%"
"01/12/2012","38.63","37.76","38.76","37.68","4.19M","2.90%"
"01/11/2012","37.54","37.55","38.18","37.49","3.73M","-0.37%"
"01/10/2012","37.68","38.07","38.18","37.38","4.13M","-0.26%"
"01/09/2012","37.78","37.45","38.24","37.17","3.99M","0.77%"
"01/06/2012","37.49","37.45","38.02","37.19","3.37M","0.08%"
"01/05/2012","37.46","37.13","37.56","36.66","3.83M","0.78%"
"01/04/2012","37.17","37.40","37.48","37.00","4.65M","-1.14%"
"01/03/2012","37.60","38.54","38.65","37.45","5.61M","1.35%"
"12/30/2011","37.10","37.37","37.47","37.09","1.60M","-0.99%"
"12/29/2011","37.47","37.34","37.54","37.10","1.72M","0.62%"
"12/28/2011","37.24","37.28","37.74","36.97","3.52M","0.11%"
"12/27/2011","37.20","37.55","37.69","37.09","3.30M","-1.01%"
"12/23/2011","37.58","38.20","38.41","37.41","2.98M","-1.05%"
"12/22/2011","37.98","35.86","38.20","35.77","7.96M","6.39%"
"12/21/2011","35.70","36.16","36.48","35.11","3.97M","-1.27%"
"12/20/2011","36.16","34.54","36.42","34.54","6.84M","6.13%"
"12/19/2011","34.07","33.98","34.56","33.91","4.60M","-0.06%"
"12/16/2011","34.09","33.83","34.93","33.71","7.37M","1.34%"
"12/15/2011","33.64","34.13","34.16","33.44","5.02M","-0.77%"
"12/14/2011","33.90","34.49","34.75","33.79","3.90M","-2.19%"
"12/13/2011","34.66","35.87","35.96","34.38","6.63M","-2.59%"
"12/12/2011","35.58","35.55","35.74","34.84","5.60M","-0.86%"
"12/09/2011","35.89","34.35","36.09","33.84","11.73M","1.16%"
"12/08/2011","35.48","35.93","36.50","35.29","4.59M","-2.45%"
"12/07/2011","36.37","36.62","36.78","35.93","4.74M","-1.28%"
"12/06/2011","36.84","37.76","37.76","36.62","4.12M","-2.05%"
"12/05/2011","37.61","37.83","38.19","37.36","4.01M","1.24%"
"12/02/2011","37.15","37.89","38.08","37.12","4.86M","-1.07%"
"12/01/2011","37.55","37.67","37.94","37.16","3.31M","-0.32%"
"11/30/2011","37.67","35.69","37.74","35.57","5.42M","7.94%"
"11/29/2011","34.90","35.22","35.90","34.76","3.27M","-0.77%"
"11/28/2011","35.17","35.05","35.46","34.79","2.55M","3.08%"
"11/25/2011","34.12","34.44","34.88","34.12","1.49M","-1.56%"
"11/23/2011","34.66","35.00","35.11","34.62","4.47M","-2.26%"
"11/22/2011","35.46","35.14","35.80","34.83","5.19M","0.91%"
"11/21/2011","35.14","34.94","35.49","34.10","5.30M","-0.17%"
"11/18/2011","35.20","35.41","35.66","34.94","3.79M","-0.42%"
"11/17/2011","35.35","36.25","36.41","34.64","5.12M","-3.07%"
"11/16/2011","36.47","37.60","38.00","36.38","4.37M","-3.67%"
"11/15/2011","37.86","37.05","38.11","36.89","3.41M","1.72%"
"11/14/2011","37.22","37.26","37.86","36.99","2.81M","-0.35%"
"11/11/2011","37.35","37.08","37.61","36.96","4.98M","2.08%"
"11/10/2011","36.59","36.83","38.00","36.18","4.64M","0.83%"
"11/09/2011","36.29","37.50","37.57","36.18","4.38M","-5.47%"
"11/08/2011","38.39","38.82","39.32","37.97","4.10M","-0.31%"
"11/07/2011","38.51","38.83","38.98","37.40","4.82M","-1.38%"
"11/04/2011","39.05","37.87","39.28","37.84","4.59M","2.01%"
"11/03/2011","38.28","37.19","38.33","36.98","4.14M","3.57%"
"11/02/2011","36.96","37.96","38.00","36.75","4.96M","-1.41%"
"11/01/2011","37.49","37.15","37.97","36.76","6.15M","-1.13%"
"10/31/2011","37.92","39.44","39.61","37.92","8.18M","-5.06%"
"10/28/2011","39.94","39.96","40.60","39.65","4.23M","-0.87%"
"10/27/2011","40.29","38.96","40.59","38.78","7.61M","5.83%"
"10/26/2011","38.07","38.65","39.17","37.47","6.65M","-0.34%"
"10/25/2011","38.20","37.85","39.00","37.54","7.06M","0.37%"
"10/24/2011","38.06","37.10","38.50","37.05","8.20M","2.73%"
"10/21/2011","37.05","34.49","37.12","34.40","13.21M","12.17%"
"10/20/2011","33.03","33.32","33.80","32.73","7.95M","-1.17%"
"10/19/2011","33.42","34.78","34.95","33.24","6.83M","-4.73%"
"10/18/2011","35.08","34.69","35.19","33.83","5.29M","1.04%"
"10/17/2011","34.72","35.50","35.84","34.58","5.32M","-3.37%"
"10/14/2011","35.93","35.74","35.95","34.75","6.80M","1.76%"
"10/13/2011","35.31","33.32","35.47","33.31","8.78M","3.31%"
"10/12/2011","34.18","34.59","34.86","34.11","4.69M","-0.12%"
"10/11/2011","34.22","34.24","34.55","34.02","3.46M","-0.55%"
"10/10/2011","34.41","33.73","34.65","33.68","3.24M","3.15%"
"10/07/2011","33.36","32.97","33.75","32.63","5.73M","1.24%"
"10/06/2011","32.95","32.59","33.00","31.93","5.36M","0.83%"
"10/05/2011","32.68","32.23","32.81","31.61","5.32M","1.30%"
"10/04/2011","32.26","30.40","32.53","30.39","6.16M","4.50%"
"10/03/2011","30.87","31.19","31.96","30.61","6.99M","-2.09%"
"09/30/2011","31.53","32.32","32.88","30.84","8.48M","-4.66%"
"09/29/2011","33.07","34.74","35.04","32.12","7.43M","-3.25%"
"09/28/2011","34.18","36.07","36.08","34.10","5.08M","-4.55%"
"09/27/2011","35.81","35.69","36.57","35.25","4.26M","2.64%"
"09/26/2011","34.89","35.64","35.84","33.96","6.24M","-1.94%"
"09/23/2011","35.58","34.72","35.79","34.29","3.90M","1.92%"
"09/22/2011","34.91","35.55","35.69","34.31","6.67M","-4.25%"
"09/21/2011","36.46","37.54","37.88","36.44","5.02M","-2.49%"
"09/20/2011","37.39","37.91","38.37","37.30","5.35M","-1.63%"
"09/19/2011","38.01","37.64","38.15","37.29","4.59M","-0.60%"
"09/16/2011","38.24","38.46","38.97","38.10","5.86M","-0.26%"
"09/15/2011","38.34","37.79","38.49","37.44","1.69M","2.44%"
"09/14/2011","37.42","37.07","37.89","36.61","2.21M","1.62%"
"09/13/2011","36.83","36.07","36.96","35.83","1.99M","1.85%"
"09/12/2011","36.16","34.33","36.16","34.10","2.26M","4.48%"
"09/09/2011","34.61","34.76","35.34","34.09","3.15M","-1.49%"
"09/08/2011","35.13","35.19","36.09","34.80","2.09M","-0.13%"
"09/07/2011","35.18","35.47","36.11","34.52","3.26M","0.92%"
"09/06/2011","34.86","33.92","34.94","33.92","1.78M","0.32%"
"09/02/2011","34.75","35.26","35.52","34.45","1.48M","-3.28%"
"09/01/2011","35.93","36.54","36.87","35.93","1.28M","-1.26%"
"08/31/2011","36.39","37.79","37.79","36.05","2.28M","-3.27%"
"08/30/2011","37.62","37.22","37.92","36.94","1.40M","0.43%"
"08/29/2011","37.46","36.59","37.46","36.59","979.50K","3.20%"
"08/26/2011","36.30","34.96","36.50","34.64","1.42M","3.63%"
"08/25/2011","35.03","35.99","36.14","34.95","1.54M","-2.72%"
"08/24/2011","36.01","36.21","36.25","35.12","1.36M","-1.15%"
"08/23/2011","36.43","34.38","36.43","34.18","1.77M","6.83%"
"08/22/2011","34.10","33.69","34.35","33.59","1.42M","3.29%"
"08/19/2011","33.01","33.89","34.58","33.00","1.92M","-3.50%"
"08/18/2011","34.21","35.39","35.51","33.92","1.63M","-6.63%"
"08/17/2011","36.64","36.83","37.48","36.19","927.18K","-0.38%"
"08/16/2011","36.78","37.18","37.40","36.39","1.34M","-2.00%"
"08/15/2011","37.53","36.67","37.53","36.67","1.28M","2.71%"
"08/12/2011","36.54","36.81","37.26","36.17","1.42M","-0.87%"
"08/11/2011","36.86","35.58","37.27","35.48","2.51M","5.65%"
"08/10/2011","34.89","34.58","36.03","34.13","2.74M","-2.21%"
"08/09/2011","35.68","35.42","35.99","33.49","3.37M","2.50%"
"08/08/2011","34.81","35.50","36.14","34.81","2.73M","-4.42%"
"08/05/2011","36.42","38.08","38.25","35.45","2.95M","-3.01%"
"08/04/2011","37.55","38.84","39.57","37.55","2.59M","-5.08%"
"08/03/2011","39.56","39.25","39.61","38.33","2.07M","0.82%"
"08/02/2011","39.24","40.50","40.80","39.24","1.84M","-4.02%"
"08/01/2011","40.88","41.28","41.82","40.38","1.54M","0.00%"
"07/29/2011","40.88","40.30","41.51","40.07","2.08M","0.62%"
"07/28/2011","40.63","40.44","41.35","39.97","1.75M","0.62%"
"07/27/2011","40.38","41.05","41.05","39.86","2.81M","-3.44%"
"07/26/2011","41.82","41.81","42.26","41.63","1.02M","0.29%"
"07/25/2011","41.70","41.85","42.22","41.54","1.05M","-1.42%"
"07/22/2011","42.30","42.28","42.77","41.84","1.48M","-0.02%"
"07/21/2011","42.31","40.60","42.47","40.11","3.14M","3.93%"
"07/20/2011","40.71","41.71","42.75","40.55","3.75M","-6.46%"
"07/19/2011","43.52","43.08","44.49","43.08","2.51M","2.28%"
"07/18/2011","42.55","42.37","43.03","42.20","1.53M","-0.28%"
"07/15/2011","42.67","42.75","42.79","41.99","1.79M","0.21%"
"07/14/2011","42.58","43.83","44.06","42.47","2.33M","-2.47%"
"07/13/2011","43.66","45.39","45.39","43.40","2.61M","-3.11%"
"07/12/2011","45.06","45.53","45.53","44.61","1.90M","-2.36%"
"07/11/2011","46.15","46.40","47.12","45.95","1.28M","-1.47%"
"07/08/2011","46.84","47.55","47.67","46.51","1.51M","-2.66%"
"07/07/2011","48.12","47.58","48.34","47.39","925.78K","2.21%"
"07/06/2011","47.08","46.96","47.25","46.57","1.01M","-0.08%"
"07/05/2011","47.12","47.58","47.71","46.83","1.07M","-0.86%"
"07/01/2011","47.53","46.41","47.75","46.21","1.56M","2.55%"
"06/30/2011","46.35","45.47","46.76","45.47","1.89M","2.25%"
"06/29/2011","45.33","45.47","45.75","44.96","1.12M","0.04%"
"06/28/2011","45.31","44.68","45.33","44.51","927.87K","1.64%"
"06/27/2011","44.58","43.67","44.92","43.47","1.16M","2.18%"
"06/24/2011","43.63","44.27","44.76","43.54","1.43M","-1.67%"
"06/23/2011","44.37","42.96","44.47","42.78","1.55M","1.64%"
"06/22/2011","43.65","43.88","44.35","43.60","1.05M","-0.76%"
"06/21/2011","43.99","43.07","44.19","42.67","1.43M","2.47%"
"06/20/2011","42.93","42.57","43.07","42.29","1.42M","0.35%"
"06/17/2011","42.78","43.25","43.38","42.51","2.58M","0.09%"
"06/16/2011","42.74","43.16","43.38","42.25","1.53M","-0.81%"
"06/15/2011","43.09","43.32","44.00","42.96","1.61M","-1.67%"
"06/14/2011","43.82","43.82","44.17","43.69","1.05M","1.13%"
"06/13/2011","43.33","43.69","43.98","43.11","1.06M","-0.75%"
"06/10/2011","43.66","43.92","44.09","43.14","1.71M","-0.95%"
"06/09/2011","44.08","44.58","44.58","43.88","1.88M","-0.54%"
"06/08/2011","44.32","45.81","45.97","44.22","2.11M","-3.84%"
"06/07/2011","46.09","45.76","46.66","45.60","1.53M","1.34%"
"06/06/2011","45.48","45.44","46.11","45.41","1.63M","-0.18%"
"06/03/2011","45.56","46.61","46.80","45.50","1.80M","-3.47%"
"06/02/2011","47.20","46.83","47.45","46.65","1.14M","0.98%"
"06/01/2011","46.74","47.77","48.20","46.72","1.78M","-2.81%"
"05/31/2011","48.09","47.78","48.88","47.78","5.44M","2.21%"
"05/27/2011","47.05","47.16","47.73","46.97","1.03M","-0.30%"
"05/26/2011","47.19","46.41","47.31","46.24","1.05M","1.51%"
"05/25/2011","46.49","45.78","46.81","45.56","1.16M","1.46%"
"05/24/2011","45.82","46.60","46.71","45.65","940.61K","-1.36%"
"05/23/2011","46.45","47.14","47.14","46.34","1.50M","-2.76%"
"05/20/2011","47.77","47.25","47.86","46.72","1.85M","0.97%"
"05/19/2011","47.31","48.20","48.20","46.97","1.57M","-1.54%"
"05/18/2011","48.05","46.46","48.35","46.46","1.65M","3.49%"
"05/17/2011","46.43","46.97","46.97","45.78","1.92M","-1.49%"
"05/16/2011","47.13","48.19","48.46","47.04","1.51M","-2.42%"
"05/13/2011","48.30","48.49","48.90","47.98","1.21M","-0.70%"
"05/12/2011","48.64","47.55","48.74","47.05","1.28M","2.18%"
"05/11/2011","47.60","48.18","48.30","47.10","1.15M","-1.24%"
"05/10/2011","48.20","48.50","48.55","47.97","994.17K","-0.12%"
"05/09/2011","48.26","48.11","48.56","47.68","1.25M","0.23%"
"05/06/2011","48.15","48.43","49.00","47.95","1.98M","0.31%"
"05/05/2011","48.00","47.23","48.64","46.93","1.70M","1.37%"
"05/04/2011","47.35","48.01","48.51","46.84","1.69M","-1.37%"
"05/03/2011","48.01","48.57","48.57","47.35","1.65M","-0.91%"
"05/02/2011","48.45","49.20","49.24","48.27","1.63M","-0.51%"
"04/29/2011","48.70","49.18","49.56","48.70","4.47M","-1.38%"
"04/28/2011","49.38","48.36","49.38","48.12","2.58M","1.81%"
"04/27/2011","48.50","46.94","48.82","46.77","3.84M","4.10%"
"04/26/2011","46.59","46.04","47.15","45.70","1.95M","1.86%"
"04/25/2011","45.74","45.95","46.09","45.43","1.03M","-0.54%"
"04/21/2011","45.99","45.60","46.07","45.40","1.20M","0.79%"
"04/20/2011","45.63","43.66","45.68","43.65","2.17M","6.66%"
"04/19/2011","42.78","42.41","42.79","41.89","1.05M","0.99%"
"04/18/2011","42.36","42.61","42.76","41.68","1.19M","-1.88%"
"04/15/2011","43.17","42.28","43.22","41.93","1.61M","2.32%"
"04/14/2011","42.19","42.41","42.82","41.99","1.29M","-1.29%"
"04/13/2011","42.74","42.43","43.06","42.00","1.17M","2.52%"
"04/12/2011","41.69","42.30","42.30","41.22","1.13M","-2.02%"
"04/11/2011","42.55","42.84","43.03","42.02","990.68K","-0.61%"
"04/08/2011","42.81","43.33","43.64","42.53","875.42K","-0.60%"
"04/07/2011","43.07","43.45","43.57","42.51","976.06K","-0.99%"
"04/06/2011","43.50","42.91","43.56","42.60","1.76M","2.16%"
"04/05/2011","42.58","43.10","43.48","42.50","1.43M","0.12%"
"04/04/2011","42.53","43.08","43.20","41.95","1.52M","-0.33%"
"04/01/2011","42.67","44.13","44.13","42.43","2.19M","-3.07%"
"03/31/2011","44.02","43.71","44.07","43.00","2.24M","0.50%"
"03/30/2011","43.80","44.06","44.36","43.22","978.05K","-0.16%"
"03/29/2011","43.87","43.09","43.90","42.50","997.03K","1.79%"
"03/28/2011","43.10","43.53","43.97","43.07","826.83K","-0.67%"
"03/25/2011","43.39","43.12","44.22","43.12","1.91M","2.29%"
"03/24/2011","42.42","42.27","42.60","41.86","1.48M","1.36%"
"03/23/2011","41.85","40.80","41.98","40.63","1.37M","2.83%"
"03/22/2011","40.70","40.94","41.24","40.63","766.35K","-0.66%"
"03/21/2011","40.97","40.34","41.44","40.34","1.11M","2.94%"
"03/18/2011","39.80","40.78","40.81","39.43","3.24M","-1.07%"
"03/17/2011","40.23","40.49","40.79","39.84","1.55M","0.83%"
"03/16/2011","39.90","39.36","41.58","39.36","3.09M","1.66%"
"03/15/2011","39.25","38.99","39.63","38.41","1.84M","-2.41%"
"03/14/2011","40.22","40.22","40.83","39.67","1.28M","-0.59%"
"03/11/2011","40.46","39.97","40.64","39.87","1.49M","0.62%"
"03/10/2011","40.21","39.69","40.86","39.23","2.80M","0.02%"
"03/09/2011","40.20","42.37","42.37","40.20","3.65M","-7.07%"
"03/08/2011","43.26","43.48","43.75","43.06","964.49K","-0.05%"
"03/07/2011","43.28","44.55","44.55","42.76","1.64M","-2.54%"
"03/04/2011","44.41","44.42","44.97","43.82","1.87M","0.48%"
"03/03/2011","44.20","42.98","44.32","42.98","1.98M","4.10%"
"03/02/2011","42.46","41.26","43.18","41.26","2.12M","2.98%"
"03/01/2011","41.23","42.08","42.18","41.04","2.42M","-1.51%"
"02/28/2011","41.86","42.89","42.89","41.72","2.45M","-1.81%"
"02/25/2011","42.63","41.13","42.63","40.82","1.68M","4.54%"
"02/24/2011","40.78","40.09","40.82","39.74","1.74M","2.23%"
"02/23/2011","39.89","39.98","39.98","38.82","1.85M","-0.85%"
"02/22/2011","40.23","41.22","41.44","40.16","1.61M","-3.55%"
"02/18/2011","41.71","41.86","41.98","40.97","2.05M","-0.24%"
"02/17/2011","41.81","41.67","41.93","41.35","2.60M","0.22%"
"02/16/2011","41.72","41.16","41.81","40.95","1.25M","1.66%"
"02/15/2011","41.04","41.31","41.36","40.63","1.31M","-1.30%"
"02/14/2011","41.58","41.46","41.97","41.44","1.01M","0.43%"
"02/11/2011","41.40","40.92","41.55","40.53","1.13M","0.98%"
"02/10/2011","41.00","40.38","41.06","40.16","1.35M","0.44%"
"02/09/2011","40.82","40.59","41.24","40.59","1.15M","0.37%"
"02/08/2011","40.67","40.72","40.77","40.25","1.46M","0.02%"
"02/07/2011","40.66","41.21","41.55","40.52","1.91M","-0.85%"
"02/04/2011","41.01","39.55","41.10","39.50","2.20M","4.01%"
"02/03/2011","39.43","39.41","39.61","38.84","1.51M","0.18%"
"02/02/2011","39.36","39.51","40.20","39.32","1.73M","-0.20%"
"02/01/2011","39.44","38.01","39.57","38.00","2.18M","4.98%"
"01/31/2011","37.57","37.41","37.75","37.08","2.09M","0.43%"
"01/28/2011","37.41","37.67","38.68","37.15","2.56M","-2.78%"
"01/27/2011","38.48","36.87","38.60","36.87","2.87M","4.65%"
"01/26/2011","36.77","37.73","37.77","36.28","3.46M","-3.01%"
"01/25/2011","37.91","38.22","38.25","37.53","2.60M","-0.97%"
"01/24/2011","38.28","37.32","38.28","37.29","2.25M","3.10%"
"01/21/2011","37.13","38.11","38.11","37.08","2.84M","-1.41%"
"01/20/2011","37.66","37.77","37.89","36.92","3.03M","-2.84%"
"01/19/2011","38.76","38.99","39.28","38.69","1.56M","-1.30%"
"01/18/2011","39.27","39.28","39.83","39.03","1.69M","-0.15%"
"01/14/2011","39.33","37.18","39.43","37.16","3.59M","6.41%"
"01/13/2011","36.96","36.74","37.17","36.49","1.81M","0.57%"
"01/12/2011","36.75","36.39","36.78","36.03","1.53M","1.89%"
"01/11/2011","36.07","36.07","36.34","35.66","2.02M","0.33%"
"01/10/2011","35.95","36.12","36.12","35.60","2.18M","-0.69%"
"01/07/2011","36.20","36.39","36.64","35.77","1.18M","-0.36%"
"01/06/2011","36.33","35.98","36.45","35.95","1.27M","1.20%"
"01/05/2011","35.90","36.02","36.22","35.47","1.64M","-0.71%"
"01/04/2011","36.15","36.33","36.59","35.89","2.16M","-0.23%"
"01/03/2011","36.24","35.92","36.60","35.71","2.15M","1.85%"
"12/31/2010","35.58","35.92","35.99","35.51","727.47K","-1.00%"
"12/30/2010","35.94","35.94","36.19","35.78","696.30K","-0.19%"
"12/29/2010","36.01","36.12","36.17","35.85","1.06M","0.03%"
"12/28/2010","36.00","36.03","36.11","35.75","988.50K","0.17%"
"12/27/2010","35.94","35.94","36.17","35.48","1.08M","-0.19%"
"12/23/2010","36.01","35.97","36.27","35.87","749.01K","-0.03%"
"12/22/2010","36.02","34.79","36.14","34.41","3.10M","0.59%"
"12/21/2010","35.81","36.17","36.25","35.77","1.60M","-0.50%"
"12/20/2010","35.99","36.45","36.71","35.86","2.56M","-1.69%"
"12/17/2010","36.61","36.75","36.97","36.60","3.48M","-0.30%"
"12/16/2010","36.72","36.52","36.80","35.99","2.91M","0.63%"
"12/15/2010","36.49","37.24","37.24","36.47","3.46M","-2.20%"
"12/14/2010","37.31","36.97","37.35","36.79","1.86M","1.08%"
"12/13/2010","36.91","37.22","37.34","36.91","2.10M","-0.71%"
"12/10/2010","37.17","37.68","37.68","37.17","2.08M","-0.97%"
"12/09/2010","37.54","38.14","38.14","37.36","1.88M","-1.18%"
"12/08/2010","37.99","37.26","38.08","37.26","2.23M","2.01%"
"12/07/2010","37.24","37.62","37.84","37.20","2.57M","-0.44%"
"12/06/2010","37.40","37.67","37.70","37.11","2.05M","-0.81%"
"12/03/2010","37.71","37.13","37.81","37.11","1.91M","1.02%"
"12/02/2010","37.33","36.97","37.52","36.76","2.61M","1.08%"
"12/01/2010","36.93","35.73","37.05","35.67","3.70M","5.24%"
"11/30/2010","35.09","34.67","35.34","34.50","3.06M","-1.07%"
"11/29/2010","35.47","35.41","35.65","34.97","2.70M","-0.06%"
"11/26/2010","35.49","35.60","35.88","35.41","1.15M","-1.42%"
"11/24/2010","36.00","34.59","36.00","34.59","3.38M","4.80%"
"11/23/2010","34.35","33.70","34.39","33.69","3.42M","1.09%"
"11/22/2010","33.98","33.23","33.98","33.20","1.58M","1.64%"
"11/19/2010","33.43","32.95","33.44","32.92","2.05M","1.50%"
"11/18/2010","32.94","32.75","32.97","32.72","2.06M","1.39%"
"11/17/2010","32.49","32.17","32.50","32.16","1.79M","0.96%"
"11/16/2010","32.18","32.14","32.21","32.13","4.14M","-0.31%"
"11/15/2010","32.28","32.88","32.89","32.28","2.57M","-0.68%"
"11/12/2010","32.50","32.76","32.78","32.50","4.78M","-1.20%"
"11/11/2010","32.90","32.00","32.90","31.99","5.11M","-2.75%"
"11/10/2010","33.83","33.64","33.83","33.63","2.70M","0.97%"
"11/09/2010","33.50","33.91","33.93","33.47","3.07M","-0.92%"
"11/08/2010","33.81","33.19","33.81","33.17","3.61M","1.68%"
"11/05/2010","33.25","32.97","33.25","32.96","2.57M","0.64%"
"11/04/2010","33.04","32.06","33.04","32.05","4.65M","3.57%"
"11/03/2010","31.90","31.36","31.90","31.35","2.84M","0.95%"
"11/02/2010","31.60","31.55","31.60","31.54","2.11M","1.25%"
"11/01/2010","31.21","31.34","31.36","31.21","2.32M","-0.10%"
"10/29/2010","31.24","30.74","31.24","30.73","2.50M","1.59%"
"10/28/2010","30.75","30.67","30.75","30.66","3.51M","-0.93%"
"10/27/2010","31.04","30.16","31.06","30.15","4.56M","2.34%"
"10/26/2010","30.33","30.04","30.33","30.03","2.50M","0.30%"
"10/25/2010","30.24","29.55","30.24","29.54","3.16M","2.65%"
"10/22/2010","29.46","29.10","29.46","29.08","1.97M","1.10%"
"10/21/2010","29.14","28.79","29.14","28.78","4.08M","0.66%"
"10/20/2010","28.95","29.54","29.59","28.91","7.38M","-1.86%"
"10/19/2010","29.50","29.54","29.55","29.49","4.75M","-0.46%"
"10/18/2010","29.64","29.21","29.64","29.20","3.41M","-0.61%"
"10/15/2010","29.82","29.73","29.82","29.72","3.77M","1.04%"
"10/14/2010","29.51","29.63","29.64","29.48","2.79M","-0.51%"
"10/13/2010","29.66","29.93","29.93","29.66","3.65M","-1.43%"
"10/12/2010","30.09","29.44","30.09","29.43","3.43M","2.00%"
"10/11/2010","29.50","29.42","29.50","29.41","2.92M","0.55%"
"10/08/2010","29.34","29.44","29.45","29.33","3.89M","-0.58%"
"10/07/2010","29.51","29.37","29.51","29.36","3.24M","0.72%"
"10/06/2010","29.30","29.57","29.58","29.30","4.23M","-2.25%"
"10/05/2010","29.98","29.95","30.14","29.93","4.78M","0.72%"
"10/04/2010","29.76","29.85","29.86","29.74","3.88M","-1.10%"
"10/01/2010","30.09","30.12","30.13","30.09","4.12M","-0.23%"
"09/30/2010","30.16","30.81","30.86","30.16","5.34M","-1.50%"
"09/29/2010","30.62","30.40","30.62","30.38","7.28M","0.87%"
"09/28/2010","30.35","29.16","30.35","29.14","6.84M","4.46%"
"09/27/2010","29.06","28.96","29.06","28.95","2.52M","-0.17%"
"09/24/2010","29.11","28.01","29.13","28.01","4.74M","5.89%"
"09/23/2010","27.49","27.08","27.49","27.05","3.11M","0.88%"
"09/22/2010","27.25","27.60","27.61","27.24","5.20M","-4.05%"
"09/21/2010","28.40","28.66","28.68","28.36","2.89M","-1.39%"
"09/20/2010","28.80","28.62","28.80","28.61","3.19M","0.35%"
"09/17/2010","28.70","28.24","28.71","28.23","5.70M","1.95%"
"09/16/2010","28.15","27.71","28.15","27.70","3.68M","1.11%"
"09/15/2010","27.84","27.52","27.84","27.49","3.31M","0.61%"
"09/14/2010","27.67","26.73","27.72","26.72","3.76M","3.75%"
"09/13/2010","26.67","26.56","26.69","26.55","2.44M","1.76%"
"09/10/2010","26.21","26.12","26.22","26.10","3.57M","-0.34%"
"09/09/2010","26.30","27.28","27.30","26.26","3.74M","-2.81%"
"09/08/2010","27.06","26.59","27.06","26.55","7.55M","1.73%"
"09/07/2010","26.60","26.55","26.60","26.54","2.79M","-0.86%"
"09/03/2010","26.83","26.74","26.83","26.72","2.43M","1.78%"
"09/02/2010","26.36","25.83","26.36","25.82","2.59M","2.96%"
"09/01/2010","25.60","25.26","25.62","25.25","3.37M","3.86%"
"08/31/2010","24.65","24.63","24.65","24.62","2.80M","-0.44%"
"08/30/2010","24.76","25.36","25.38","24.76","1.91M","-3.05%"
"08/27/2010","25.54","25.07","25.56","25.06","3.56M","2.78%"
"08/26/2010","24.85","25.57","25.59","24.85","2.43M","-2.71%"
"08/25/2010","25.54","24.92","25.56","24.91","3.00M","1.72%"
"08/24/2010","25.11","24.88","25.11","24.87","2.37M","-0.83%"
"08/23/2010","25.32","25.71","25.72","25.32","2.39M","-1.09%"
"08/20/2010","25.60","25.47","25.62","25.46","2.44M","0.39%"
"08/19/2010","25.50","25.62","25.63","25.50","2.50M","-1.12%"
"08/18/2010","25.79","25.45","25.80","25.44","1.95M","0.98%"
"08/17/2010","25.54","25.15","25.54","25.14","3.05M","1.71%"
"08/16/2010","25.11","24.77","25.11","24.76","2.23M","0.68%"
"08/13/2010","24.94","25.29","25.30","24.94","2.69M","-1.18%"
"08/12/2010","25.24","24.92","25.27","24.90","5.63M","-6.08%"
"08/11/2010","26.87","27.15","27.16","26.87","3.26M","-2.79%"
"08/10/2010","27.64","27.50","27.64","27.49","3.96M","-0.32%"
"08/09/2010","27.73","27.81","27.82","27.72","1.51M","0.36%"
"08/06/2010","27.63","27.28","27.63","27.27","2.61M","-0.22%"
"08/05/2010","27.69","27.86","27.88","27.66","2.32M","-0.79%"
"08/04/2010","27.91","27.74","27.93","27.73","1.96M","0.65%"
"08/03/2010","27.73","27.70","27.73","27.69","2.05M","-0.68%"
"08/02/2010","27.92","27.78","27.92","27.76","3.05M","0.72%"
"07/30/2010","27.72","27.20","27.76","27.11","3.93M","0.40%"
"07/29/2010","27.61","28.48","28.49","27.60","4.64M","-3.46%"
"07/28/2010","28.60","28.38","28.60","28.36","3.39M","-1.07%"
"07/27/2010","28.91","28.97","28.99","28.91","2.33M","-0.34%"
"07/26/2010","29.01","28.85","29.01","28.84","2.49M","0.38%"
"07/23/2010","28.90","28.29","28.90","28.26","4.01M","1.40%"
"07/22/2010","28.50","27.48","28.50","27.46","4.80M","3.49%"
"07/21/2010","27.54","27.99","27.99","27.54","6.75M","-2.72%"
"07/20/2010","28.31","27.58","28.31","27.57","3.73M","0.04%"
"07/19/2010","28.30","27.68","28.30","27.68","3.61M","2.69%"
"07/16/2010","27.56","27.99","28.01","27.56","4.40M","-1.54%"
"07/15/2010","27.99","28.14","28.26","27.99","3.75M","-0.53%"
"07/14/2010","28.14","28.61","28.62","28.14","3.46M","-1.64%"
"07/13/2010","28.61","27.99","28.61","27.94","2.98M","2.22%"
"07/12/2010","27.99","27.63","27.99","27.62","3.13M","1.41%"
"07/09/2010","27.60","26.90","27.60","26.89","2.91M","2.91%"
"07/08/2010","26.82","26.88","26.89","26.73","2.92M","0.15%"
"07/07/2010","26.78","25.08","26.78","25.08","3.36M","6.78%"
"07/06/2010","25.08","25.10","25.43","25.08","2.57M","0.84%"
"07/02/2010","24.87","25.13","25.14","24.43","5.44M","-0.72%"
"07/01/2010","25.05","24.74","25.05","24.45","4.16M","1.25%"
"06/30/2010","24.74","24.83","24.85","24.74","3.14M","-0.36%"
"06/29/2010","24.83","25.09","25.10","24.83","3.87M","-1.04%"
"06/28/2010","25.09","25.54","25.69","25.09","1.95M","-1.68%"
"06/25/2010","25.52","25.56","25.57","25.52","2.28M","-0.16%"
"06/24/2010","25.56","25.83","25.84","25.56","2.86M","-1.05%"
"06/23/2010","25.83","25.57","25.83","25.56","3.09M","1.02%"
"06/22/2010","25.57","25.97","25.98","25.57","2.59M","-1.54%"
"06/21/2010","25.97","26.23","26.24","25.97","1.88M","0.08%"
"06/18/2010","25.95","25.99","26.01","25.95","2.79M","-0.15%"
"06/17/2010","25.99","26.19","26.20","25.99","2.53M","-0.76%"
"06/16/2010","26.19","25.41","26.19","25.40","3.20M","3.07%"
"06/15/2010","25.41","24.39","25.41","24.35","3.14M","4.18%"
"06/14/2010","24.39","24.77","24.78","24.39","3.11M","-0.04%"
"06/11/2010","24.40","23.45","24.40","23.42","4.09M","4.05%"
"06/10/2010","23.45","23.34","23.45","23.33","3.61M","0.47%"
"06/09/2010","23.34","23.58","23.59","23.34","2.96M","-1.02%"
"06/08/2010","23.58","23.30","23.58","23.29","4.39M","1.33%"
"06/07/2010","23.27","23.87","23.87","23.27","3.78M","-1.61%"
"06/04/2010","23.65","24.05","24.05","23.65","3.12M","-1.66%"
"06/03/2010","24.05","23.93","24.47","23.93","3.32M","0.50%"
"06/02/2010","23.93","23.12","23.93","23.12","2.27M","3.50%"
"06/01/2010","23.12","23.47","23.12","23.12","2.89M","-2.03%"
"05/28/2010","23.60","23.83","23.60","23.60","3.17M","-0.97%"
"05/27/2010","23.83","23.42","23.83","23.41","2.99M","1.75%"
"05/26/2010","23.42","23.08","23.42","22.90","3.27M","1.47%"
"05/25/2010","23.08","22.31","23.08","22.31","3.63M","3.45%"
"05/24/2010","22.31","23.14","23.15","22.31","3.52M","-4.13%"
"05/21/2010","23.27","22.44","23.68","22.31","13.00M","1.62%"
"05/20/2010","22.90","23.03","22.90","22.90","4.16M","-0.56%"
"05/19/2010","23.03","23.46","23.62","23.03","3.32M","-1.83%"
"05/18/2010","23.46","24.21","23.46","23.46","3.79M","-3.10%"
"05/17/2010","24.21","23.35","24.21","23.35","3.72M","3.37%"
"05/14/2010","23.42","23.76","23.42","23.42","3.56M","-1.43%"
"05/13/2010","23.76","24.45","23.97","23.76","3.15M","-2.82%"
"05/12/2010","24.45","24.43","24.76","24.43","2.77M","0.08%"
"05/11/2010","24.43","24.14","24.43","24.14","2.92M","1.20%"
"05/10/2010","24.14","24.56","24.44","24.14","2.77M","2.68%"
"05/07/2010","23.51","23.50","23.51","23.50","6.75M","0.04%"
"05/06/2010","23.50","24.53","24.04","23.50","5.61M","-4.20%"
"05/05/2010","24.53","24.55","24.70","24.53","2.91M","-0.08%"
"05/04/2010","24.55","25.45","24.71","24.55","4.44M","-3.54%"
"05/03/2010","25.45","25.57","25.91","25.45","2.82M","0.24%"
"04/30/2010","25.39","26.09","25.39","25.39","3.27M","-2.68%"
"04/29/2010","26.09","25.62","26.09","25.62","2.98M","1.83%"
"04/28/2010","25.62","25.60","25.72","25.60","5.44M","0.08%"
"04/27/2010","25.60","26.21","25.60","25.60","4.87M","-2.33%"
"04/26/2010","26.21","26.52","26.62","26.21","2.25M","-0.83%"
"04/23/2010","26.43","26.45","26.43","26.43","2.93M","-0.08%"
"04/22/2010","26.45","25.91","26.69","25.91","5.34M","2.08%"
"04/21/2010","25.91","26.82","26.13","25.91","9.40M","-3.39%"
"04/20/2010","26.82","26.18","26.82","26.18","3.92M","2.44%"
"04/19/2010","26.18","26.33","26.18","26.18","3.11M","-0.53%"
"04/16/2010","26.32","25.99","26.32","25.99","4.04M","1.27%"
"04/15/2010","25.99","26.05","26.48","25.99","2.39M","-0.23%"
"04/14/2010","26.05","25.99","26.10","25.99","4.01M","0.23%"
"04/13/2010","25.99","25.52","25.99","25.52","2.51M","1.84%"
"04/12/2010","25.52","25.10","25.52","25.10","2.25M","2.49%"
"04/09/2010","24.90","24.88","24.90","24.88","1.20M","0.08%"
"04/08/2010","24.88","24.88","24.88","24.88","2.05M","0.00%"
"04/07/2010","24.88","25.02","25.12","24.88","2.32M","-0.56%"
"04/06/2010","25.02","24.93","25.14","24.93","1.76M","0.36%"
"04/05/2010","24.93","24.44","25.07","24.44","1.67M","2.42%"
"04/01/2010","24.34","24.50","24.34","24.34","2.13M","-0.65%"
"03/31/2010","24.50","24.32","24.50","24.32","2.60M","0.74%"
"03/30/2010","24.32","24.25","24.49","24.25","2.09M","0.29%"
"03/29/2010","24.25","24.47","24.31","24.25","2.13M","-0.37%"
"03/26/2010","24.34","24.48","24.34","24.34","","-0.57%"
"03/25/2010","24.48","24.74","24.48","24.48","","-1.05%"
"03/24/2010","24.74","25.19","24.74","24.74","","-1.79%"
"03/23/2010","25.19","25.37","25.67","25.19","","-0.71%"
"03/22/2010","25.37","24.57","25.38","24.57","","2.84%"
"03/19/2010","24.67","25.27","24.67","24.67","","-2.37%"
"03/18/2010","25.27","25.58","25.39","25.27","","-1.21%"
"03/17/2010","25.58","25.41","25.58","25.41","","0.63%"
"03/16/2010","25.42","24.99","25.42","24.99","","2.25%"
"03/15/2010","24.86","24.98","24.86","24.86","","-0.44%"
"03/12/2010","24.97","24.95","24.97","24.95","","0.20%"
"03/11/2010","24.92","24.92","24.92","24.91","","-0.44%"
"03/10/2010","25.03","24.67","25.03","24.67","","1.62%"
"03/09/2010","24.63","24.60","24.80","24.47","","-0.20%"
"03/08/2010","24.68","24.99","25.04","24.68","","-1.20%"
"03/05/2010","24.98","24.81","25.20","24.60","","1.75%"
"03/04/2010","24.55","24.34","24.68","24.27","","-0.61%"
"03/03/2010","24.70","24.90","25.01","24.56","","-0.16%"
"03/02/2010","24.74","25.09","25.29","24.67","","-1.12%"
"03/01/2010","25.02","24.63","25.09","24.62","","2.42%"
"02/26/2010","24.43","24.47","24.58","24.16","","-0.16%"
"02/25/2010","24.47","23.74","24.54","23.67","","1.24%"
"02/24/2010","24.17","23.53","24.32","23.53","","3.91%"
"02/23/2010","23.26","23.65","23.65","23.01","","-1.98%"
"02/22/2010","23.73","23.87","23.90","23.61","","-0.34%"
"02/19/2010","23.81","23.67","23.99","23.58","","0.04%"
"02/18/2010","23.80","23.42","23.80","23.34","","1.49%"
"02/17/2010","23.45","23.45","23.58","23.27","","0.09%"
"02/16/2010","23.43","23.06","23.46","22.99","","2.58%"
"02/12/2010","22.84","22.55","23.08","22.36","","0.84%"
"02/11/2010","22.65","21.99","22.71","21.85","","2.54%"
"02/10/2010","22.09","21.86","22.21","21.86","","0.50%"
"02/09/2010","21.98","21.96","22.16","21.74","","1.67%"
"02/08/2010","21.62","21.56","22.15","21.40","","-0.18%"
"02/05/2010","21.66","21.20","21.80","21.07","","2.27%"
"02/04/2010","21.18","21.93","21.99","21.11","","-5.53%"
"02/03/2010","22.42","22.22","22.48","22.01","","0.72%"
"02/02/2010","22.26","21.84","22.32","21.84","","1.69%"
"02/01/2010","21.89","21.35","21.95","21.35","","2.43%"
"01/29/2010","21.37","21.92","22.17","21.12","","-2.51%"
"01/28/2010","21.92","22.26","22.33","21.49","","-2.36%"
"01/27/2010","22.45","22.31","22.71","22.13","","5.90%"
"01/26/2010","21.20","21.10","21.24","20.90","","-0.56%"
"01/25/2010","21.32","21.32","21.47","20.92","","0.57%"
"01/22/2010","21.20","21.95","22.11","21.18","","-4.46%"
"01/21/2010","22.19","21.72","22.28","21.61","","2.40%"
"01/20/2010","21.67","21.60","21.71","21.22","","-0.32%"
"01/19/2010","21.74","21.63","21.87","21.48","","1.64%"
"01/15/2010","21.39","22.10","22.12","21.36","","-3.21%"
"01/14/2010","22.10","22.03","22.10","21.74","","-0.18%"
"01/13/2010","22.14","21.96","22.20","21.42","","1.19%"
"01/12/2010","21.88","22.11","22.16","21.68","","-3.10%"
"01/11/2010","22.58","22.76","22.89","22.24","","-0.79%"
"01/08/2010","22.76","22.36","22.85","22.32","","1.79%"
"01/07/2010","22.36","22.43","22.50","22.01","","-0.45%"
"01/06/2010","22.46","22.68","22.86","22.42","","-1.19%"
"01/05/2010","22.73","23.09","23.09","22.52","","-1.13%"
"01/04/2010","22.99","22.88","23.26","22.86","","1.64%"